Mfr Name,Division,Carline,Eng Displ,# Cyl,City FE (Guide),Hwy FE (Guide),Comb FE (Guide),Comb Unadj FE,Comb Unrd Adj FE,Guzzler?,Air Aspiration Method Desc,Trans Desc,# Gears,Drive Desc,Fuel Usage,Gas Guzzler Exempt,Carline Class Desc,Cyl Deact?,Var Valve Timing?,Var Valve Lift?,Stop/Start,FE Rating,GHG Rating,Comb CO2,Hybrid,Mild Hybrid,Model Family,Automatic,AWD/4WD,Gasoline,Large
aston martin,Aston Martin Lagonda Ltd,Valour,5.2,12,12,18,14,18.3624,14.4266,1,Turbocharged,Manual,6,"2-Wheel Drive, Rear",Gasoline (Premium Unleaded Recommended),0,Two Seaters,1,1,0,0,2,2,619,0,0,ASTON MARTIN LAGONDA LTD | VALOUR,0,0,1,0
BMW,BMW,Z4 M40i,3.0,6,23,31,26,34.5503,25.9039,0,Turbocharged,Semi-Automatic,8,"2-Wheel Drive, Rear",Gasoline (Premium Unleaded Recommended),0,Two Seaters,0,1,1,1,5,5,338,0,0,BMW | Z4 M40I,1,0,1,0
BMW,BMW,Z4 sDrive30i,2.0,4,25,33,28,37.762,28.0285,0,Turbocharged,Semi-Automatic,8,"2-Wheel Drive, Rear",Gasoline (Premium Unleaded Recommended),0,Two Seaters,0,1,1,1,6,6,312,0,0,BMW | Z4 SDRIVE30I,1,0,1,0
Volkswagen Group of,Bugatti,Chiron Super Sport,8.0,16,8,11,9,11.2434,9.0194,1,Turbocharged,Automated Manual- Selectable (e.g. Automated Manual with paddles),7,All Wheel Drive,Gasoline (Premium Unleaded Required),0,Two Seaters,0,1,0,0,1,1,979,0,0,BUGATTI | CHIRON SUPER SPORT,1,1,1,0
General Motors,Chevrolet,CORVETTE,6.2,8,16,25,19,23.9592,19.073,0,Naturally Aspirated,Semi-Automatic,8,"2-Wheel Drive, Rear",Gasoline (Premium Unleaded Required),0,Two Seaters,1,1,0,0,4,4,472,0,0,CHEVROLET | CORVETTE,1,0,1,0
General Motors,Chevrolet,CORVETTE E-RAY,6.2,8,16,24,19,23.4892,18.5344,0,Naturally Aspirated,Semi-Automatic,8,All Wheel Drive,Gasoline (Premium Unleaded Required),0,Two Seaters,1,1,0,1,4,4,480,1,0,CHEVROLET | CORVETTE E-RAY,1,1,1,0
General Motors,Chevrolet,CORVETTE Z06,5.5,8,12,21,15,17.8005,14.8986,1,Naturally Aspirated,Semi-Automatic,8,"2-Wheel Drive, Rear",Gasoline (Premium Unleaded Required),0,Two Seaters,0,1,1,0,2,2,597,0,0,CHEVROLET | CORVETTE Z06,1,0,1,0
General Motors,Chevrolet,CORVETTE Z06 CARBON AERO,5.5,8,12,19,14,16.9373,14.0853,1,Naturally Aspirated,Semi-Automatic,8,"2-Wheel Drive, Rear",Gasoline (Premium Unleaded Required),0,Two Seaters,0,1,1,0,2,2,631,0,0,CHEVROLET | CORVETTE Z06 CARBON AERO,1,0,1,0
Ferrari,"Ferrari North America, Inc.",812 Competizione,6.5,12,12,16,14,17.2348,13.5444,1,Naturally Aspirated,Automated Manual,7,"2-Wheel Drive, Rear",Gasoline (Premium Unleaded Required),0,Two Seaters,0,1,0,1,2,2,652,0,0,"FERRARI NORTH AMERICA, INC. | 812 COMPETIZIONE",1,0,1,0
Ferrari,"Ferrari North America, Inc.",812 Competizione A,6.5,12,12,16,14,17.3395,13.6305,1,Naturally Aspirated,Automated Manual,7,"2-Wheel Drive, Rear",Gasoline (Premium Unleaded Required),0,Two Seaters,0,1,0,1,2,2,648,0,0,"FERRARI NORTH AMERICA, INC. | 812 COMPETIZIONE A",1,0,1,0
Ferrari,"Ferrari North America, Inc.",Ferrari Daytona SP3,6.5,12,12,16,13,16.9904,13.3868,1,Naturally Aspirated,Automated Manual,7,"2-Wheel Drive, Rear",Gasoline (Premium Unleaded Required),0,Two Seaters,0,1,0,1,1,1,660,0,0,"FERRARI NORTH AMERICA, INC. | FERRARI DAYTONA SP3",1,0,1,0
Jaguar Land Rover L,Jaguar,F-TYPE P450 AWD R-Dynamic Conv,5.0,8,16,24,18,23.8409,18.4489,0,Supercharged,Semi-Automatic,8,All Wheel Drive,Gasoline (Premium Unleaded Recommended),0,Two Seaters,0,1,0,1,4,4,481,0,0,JAGUAR | F-TYPE P450 R-DYNAMIC CONV,1,1,1,0
Jaguar Land Rover L,Jaguar,F-TYPE P450 AWD R-Dynamic Coupe,5.0,8,16,24,18,23.8409,18.4489,0,Supercharged,Semi-Automatic,8,All Wheel Drive,Gasoline (Premium Unleaded Recommended),0,Two Seaters,0,1,0,1,4,4,481,0,0,JAGUAR | F-TYPE P450 R-DYNAMIC COUPE,1,1,1,0
Jaguar Land Rover L,Jaguar,F-TYPE P450 RWD Convertible,5.0,8,17,24,19,25.1733,19.3826,0,Supercharged,Semi-Automatic,8,"2-Wheel Drive, Rear",Gasoline (Premium Unleaded Recommended),0,Two Seaters,0,1,0,1,4,4,460,0,0,JAGUAR | F-TYPE P450 CONVERTIBLE,1,0,1,0
Jaguar Land Rover L,Jaguar,F-TYPE P450 RWD Coupe,5.0,8,17,24,19,25.1733,19.3826,0,Supercharged,Semi-Automatic,8,"2-Wheel Drive, Rear",Gasoline (Premium Unleaded Recommended),0,Two Seaters,0,1,0,1,4,4,460,0,0,JAGUAR | F-TYPE P450 COUPE,1,0,1,0
Jaguar Land Rover L,Jaguar,F-TYPE R AWD Convertible,5.0,8,16,24,18,23.8409,18.4489,0,Supercharged,Semi-Automatic,8,All Wheel Drive,Gasoline (Premium Unleaded Recommended),0,Two Seaters,0,1,0,1,4,4,481,0,0,JAGUAR | F-TYPE R CONVERTIBLE,1,1,1,0
Jaguar Land Rover L,Jaguar,F-TYPE R AWD Coupe,5.0,8,16,24,18,23.8409,18.4489,0,Supercharged,Semi-Automatic,8,All Wheel Drive,Gasoline (Premium Unleaded Recommended),0,Two Seaters,0,1,0,1,4,4,481,0,0,JAGUAR | F-TYPE R COUPE,1,1,1,0
Volkswagen Group of,Lamborghini,Huracan Coupe 2WD,5.2,10,13,18,15,18.4649,14.8225,1,Naturally Aspirated,Automated Manual- Selectable (e.g. Automated Manual with paddles),7,"2-Wheel Drive, Rear",Gasoline (Premium Unleaded Required),0,Two Seaters,1,1,0,0,2,2,596,0,0,LAMBORGHINI | HURACAN COUPE,1,0,1,0
Volkswagen Group of,Lamborghini,Huracan Spyder,5.2,10,13,18,15,18.4617,14.5898,1,Naturally Aspirated,Automated Manual- Selectable (e.g. Automated Manual with paddles),7,All Wheel Drive,Gasoline (Premium Unleaded Required),0,Two Seaters,1,1,0,0,2,2,604,0,0,LAMBORGHINI | HURACAN SPYDER,1,1,1,0
Volkswagen Group of,Lamborghini,Huracan Sterrato,5.2,10,13,18,15,18.4617,14.5898,1,Naturally Aspirated,Automated Manual- Selectable (e.g. Automated Manual with paddles),7,All Wheel Drive,Gasoline (Premium Unleaded Required),0,Two Seaters,1,1,0,0,2,2,604,0,0,LAMBORGHINI | HURACAN STERRATO,1,1,1,0
Maserati,MASERATI,MC20,3.0,6,15,25,18,22.6594,18.4431,0,Turbocharged,Semi-Automatic,8,"2-Wheel Drive, Rear",Gasoline (Premium Unleaded Required),0,Two Seaters,0,1,0,0,4,4,474,0,0,MASERATI | MC20,1,0,1,0
Maserati,MASERATI,MC20 Spyder,3.0,6,15,25,18,22.5344,18.319,0,Turbocharged,Semi-Automatic,8,"2-Wheel Drive, Rear",Gasoline (Premium Unleaded Required),0,Two Seaters,0,1,0,0,4,4,482,0,0,MASERATI | MC20 SPYDER,1,0,1,0
MAZDA,MAZDA,MX-5,2.0,4,26,35,29,39.8581,29.4256,0,Naturally Aspirated,Semi-Automatic,6,"2-Wheel Drive, Rear",Gasoline (Premium Unleaded Recommended),0,Two Seaters,0,1,0,0,6,6,301,0,0,MAZDA | MX-5,1,0,1,0
MAZDA,MAZDA,MX-5,2.0,4,26,34,29,39.3148,29.0373,0,Naturally Aspirated,Manual,6,"2-Wheel Drive, Rear",Gasoline (Premium Unleaded Recommended),0,Two Seaters,0,1,0,0,6,6,305,0,0,MAZDA | MX-5,0,0,1,0
Mercedes-Benz,Mercedes-Benz,AMG SL 43,2.0,4,20,27,22,29.4753,22.4097,0,Turbocharged,Automatic,9,"2-Wheel Drive, Rear",Gasoline (Premium Unleaded Required),0,Two Seaters,0,1,1,1,5,5,398,0,1,MERCEDES-BENZ | AMG SL 43,1,0,1,0
Nissan,NISSAN,Z,3.0,6,19,28,22,30.0973,22.0,0,Turbocharged,Semi-Automatic,9,"2-Wheel Drive, Rear",Gasoline (Premium Unleaded Required),0,Two Seaters,0,1,0,0,5,5,405,0,0,NISSAN | Z,1,0,1,0
Nissan,NISSAN,Z,3.0,6,18,24,20,26.7332,20.4638,0,Turbocharged,Manual,6,"2-Wheel Drive, Rear",Gasoline (Premium Unleaded Required),0,Two Seaters,0,1,0,0,4,4,435,0,0,NISSAN | Z,0,0,1,0
Nissan,NISSAN,Z NISMO,3.0,6,17,24,19,27.3035,19.0,0,Turbocharged,Semi-Automatic,9,"2-Wheel Drive, Rear",Gasoline (Premium Unleaded Required),0,Two Seaters,0,1,0,0,4,4,469,0,0,NISSAN | Z NISMO,1,0,1,0
Porsche,Porsche,718 Boxster,2.0,4,21,27,24,31.2794,23.6109,0,Turbocharged,Automated Manual- Selectable (e.g. Automated Manual with paddles),7,"2-Wheel Drive, Rear",Gasoline (Premium Unleaded Required),0,Two Seaters,0,1,1,1,5,5,375,0,0,PORSCHE | 718 BOXSTER,1,0,1,0
Porsche,Porsche,718 Boxster,2.0,4,20,25,22,28.453,21.6444,0,Turbocharged,Manual,6,"2-Wheel Drive, Rear",Gasoline (Premium Unleaded Required),0,Two Seaters,0,1,1,1,5,5,409,0,0,PORSCHE | 718 BOXSTER,0,0,1,0
Porsche,Porsche,718 Boxster GTS 4.0,4.0,6,19,24,21,27.6739,21.0989,0,Naturally Aspirated,Automated Manual- Selectable (e.g. Automated Manual with paddles),7,"2-Wheel Drive, Rear",Gasoline (Premium Unleaded Required),0,Two Seaters,0,1,1,0,4,4,418,0,0,PORSCHE | 718 BOXSTER GTS 4.0,1,0,1,0
Porsche,Porsche,718 Boxster GTS 4.0,4.0,6,17,24,19,25.0826,19.3142,0,Naturally Aspirated,Manual,6,"2-Wheel Drive, Rear",Gasoline (Premium Unleaded Required),0,Two Seaters,0,1,1,0,4,4,458,0,0,PORSCHE | 718 BOXSTER GTS 4.0,0,0,1,0
Porsche,Porsche,718 Boxster S,2.5,4,19,25,22,28.3591,21.6084,0,Turbocharged,Automated Manual- Selectable (e.g. Automated Manual with paddles),7,"2-Wheel Drive, Rear",Gasoline (Premium Unleaded Required),0,Two Seaters,0,1,1,1,5,5,410,0,0,PORSCHE | 718 BOXSTER S,1,0,1,0
Porsche,Porsche,718 Boxster S,2.5,4,19,24,21,27.454,20.9619,0,Turbocharged,Manual,6,"2-Wheel Drive, Rear",Gasoline (Premium Unleaded Required),0,Two Seaters,0,1,1,1,4,4,423,0,0,PORSCHE | 718 BOXSTER S,0,0,1,0
Porsche,Porsche,718 Cayman,2.0,4,21,27,24,31.2794,23.6109,0,Turbocharged,Automated Manual- Selectable (e.g. Automated Manual with paddles),7,"2-Wheel Drive, Rear",Gasoline (Premium Unleaded Required),0,Two Seaters,0,1,1,1,5,5,375,0,0,PORSCHE | 718 CAYMAN,1,0,1,0
Porsche,Porsche,718 Cayman,2.0,4,20,25,22,28.453,21.6444,0,Turbocharged,Manual,6,"2-Wheel Drive, Rear",Gasoline (Premium Unleaded Required),0,Two Seaters,0,1,1,1,5,5,409,0,0,PORSCHE | 718 CAYMAN,0,0,1,0
Porsche,Porsche,718 Cayman GTS 4.0,4.0,6,19,24,21,27.6739,21.0989,0,Naturally Aspirated,Automated Manual- Selectable (e.g. Automated Manual with paddles),7,"2-Wheel Drive, Rear",Gasoline (Premium Unleaded Required),0,Two Seaters,0,1,1,0,4,4,418,0,0,PORSCHE | 718 CAYMAN GTS 4.0,1,0,1,0
Porsche,Porsche,718 Cayman GTS 4.0,4.0,6,17,24,19,25.0826,19.3142,0,Naturally Aspirated,Manual,6,"2-Wheel Drive, Rear",Gasoline (Premium Unleaded Required),0,Two Seaters,0,1,1,0,4,4,458,0,0,PORSCHE | 718 CAYMAN GTS 4.0,0,0,1,0
Porsche,Porsche,718 Cayman S,2.5,4,19,25,22,28.3591,21.6084,0,Turbocharged,Automated Manual- Selectable (e.g. Automated Manual with paddles),7,"2-Wheel Drive, Rear",Gasoline (Premium Unleaded Required),0,Two Seaters,0,1,1,1,5,5,410,0,0,PORSCHE | 718 CAYMAN S,1,0,1,0
Porsche,Porsche,718 Cayman S,2.5,4,19,24,21,27.454,20.9619,0,Turbocharged,Manual,6,"2-Wheel Drive, Rear",Gasoline (Premium Unleaded Required),0,Two Seaters,0,1,1,1,4,4,423,0,0,PORSCHE | 718 CAYMAN S,0,0,1,0
Porsche,Porsche,718 GT4 RS,4.0,6,15,19,16,20.9668,16.3019,1,Naturally Aspirated,Automated Manual- Selectable (e.g. Automated Manual with paddles),7,"2-Wheel Drive, Rear",Gasoline (Premium Unleaded Required),0,Two Seaters,0,1,0,1,3,3,544,0,0,PORSCHE | 718 GT4 RS,1,0,1,0
Porsche,Porsche,718 Spyder RS,4.0,6,14,19,16,20.6502,16.0841,1,Naturally Aspirated,Automated Manual- Selectable (e.g. Automated Manual with paddles),7,"2-Wheel Drive, Rear",Gasoline (Premium Unleaded Required),0,Two Seaters,0,1,0,1,3,3,551,0,0,PORSCHE | 718 SPYDER RS,1,0,1,0
Porsche,Porsche,911 GT3,4.0,6,14,18,16,20.0252,15.6112,1,Naturally Aspirated,Automated Manual- Selectable (e.g. Automated Manual with paddles),7,"2-Wheel Drive, Rear",Gasoline (Premium Unleaded Required),0,Two Seaters,0,1,0,1,3,3,571,0,0,PORSCHE | 911 GT3,1,0,1,0
Porsche,Porsche,911 GT3,4.0,6,13,19,15,19.7208,15.4208,1,Naturally Aspirated,Manual,6,"2-Wheel Drive, Rear",Gasoline (Premium Unleaded Required),0,Two Seaters,0,1,0,0,2,2,573,0,0,PORSCHE | 911 GT3,0,0,1,0
Porsche,Porsche,911 GT3 RS,4.0,6,14,18,16,19.9804,15.582,1,Naturally Aspirated,Automated Manual- Selectable (e.g. Automated Manual with paddles),7,"2-Wheel Drive, Rear",Gasoline (Premium Unleaded Required),0,Two Seaters,0,1,1,1,3,3,570,0,0,PORSCHE | 911 GT3 RS,1,0,1,0
Porsche,Porsche,911 GT3 Touring,4.0,6,14,18,16,20.0252,15.6112,1,Naturally Aspirated,Automated Manual- Selectable (e.g. Automated Manual with paddles),7,"2-Wheel Drive, Rear",Gasoline (Premium Unleaded Required),0,Two Seaters,0,1,0,1,3,3,571,0,0,PORSCHE | 911 GT3 TOURING,1,0,1,0
Porsche,Porsche,911 GT3 Touring,4.0,6,13,19,15,19.7208,15.4208,1,Naturally Aspirated,Manual,6,"2-Wheel Drive, Rear",Gasoline (Premium Unleaded Required),0,Two Seaters,0,1,0,0,2,2,573,0,0,PORSCHE | 911 GT3 TOURING,0,0,1,0
Porsche,Porsche,911 S/T,4.0,6,13,19,15,19.3661,15.179,1,Naturally Aspirated,Manual,6,"2-Wheel Drive, Rear",Gasoline (Premium Unleaded Required),0,Two Seaters,0,1,1,1,2,2,584,0,0,PORSCHE | 911 S/T,0,0,1,0
BMW,TOYOTA,Supra 2.0,2.0,4,25,31,27,36.8668,27.374,0,Turbocharged,Semi-Automatic,8,"2-Wheel Drive, Rear",Gasoline (Premium Unleaded Recommended),0,Two Seaters,0,1,1,1,5,5,322,0,0,TOYOTA | SUPRA 2.0,1,0,1,0
BMW,TOYOTA,Supra 3.0,3.0,6,23,31,26,34.5327,25.8679,0,Turbocharged,Semi-Automatic,8,"2-Wheel Drive, Rear",Gasoline (Premium Unleaded Recommended),0,Two Seaters,0,1,1,1,5,5,342,0,0,TOYOTA | SUPRA 3.0,1,0,1,0
BMW,TOYOTA,Supra 3.0,3.0,6,19,27,21,28.1361,21.4952,0,Turbocharged,Manual,6,"2-Wheel Drive, Rear",Gasoline (Premium Unleaded Recommended),0,Two Seaters,0,1,1,0,4,4,411,0,0,TOYOTA | SUPRA 3.0,0,0,1,0
aston martin,Aston Martin Lagonda Ltd,DB12 V8,4.0,8,15,22,17,22.4729,17.4699,0,Turbocharged,Automatic,8,"2-Wheel Drive, Rear",Gasoline (Premium Unleaded Recommended),0,Minicompact Cars,0,1,0,0,3,3,507,0,0,ASTON MARTIN LAGONDA LTD | DB12 V8,1,0,1,0
Volkswagen Group of,Bentley,Continental GTC,4.0,8,14,21,16,21.078,16.3947,1,Turbocharged,Automated Manual- Selectable (e.g. Automated Manual with paddles),8,All Wheel Drive,Gasoline (Premium Unleaded Required),0,Minicompact Cars,1,1,0,1,3,3,542,0,0,BENTLEY | CONTINENTAL GTC,1,1,1,0
Volkswagen Group of,Bentley,Continental GTC,6.0,12,12,19,14,17.9927,14.1776,1,Turbocharged,Automated Manual- Selectable (e.g. Automated Manual with paddles),8,All Wheel Drive,Gasoline (Premium Unleaded Recommended),0,Minicompact Cars,1,1,0,1,2,2,624,0,0,BENTLEY | CONTINENTAL GTC,1,1,1,0
Toyota,LEXUS,LC 500 CONVERTIBLE,5.0,8,15,25,18,23.1944,18.039,0,Naturally Aspirated,Semi-Automatic,10,"2-Wheel Drive, Rear",Gasoline (Premium Unleaded Required),0,Minicompact Cars,0,1,0,0,4,4,489,0,0,LEXUS | LC 500 CONVERTIBLE,1,0,1,0
Mercedes-Benz,Mercedes-Benz,AMG SL 55 4MATIC+,4.0,8,14,21,16,20.8429,16.2747,1,Turbocharged,Automatic,9,All Wheel Drive,Gasoline (Premium Unleaded Required),0,Minicompact Cars,0,1,0,1,3,3,548,0,0,MERCEDES-BENZ | AMG SL 55 +,1,1,1,0
Mercedes-Benz,Mercedes-Benz,AMG SL 63 4MATIC+,4.0,8,14,21,16,20.8429,16.2747,1,Turbocharged,Automatic,9,All Wheel Drive,Gasoline (Premium Unleaded Required),0,Minicompact Cars,0,1,0,1,3,3,548,0,0,MERCEDES-BENZ | AMG SL 63 +,1,1,1,0
BMW,Mini,COOPER CONVERTIBLE,1.5,3,29,38,32,44.1938,32.2432,0,Turbocharged,Automated Manual- Selectable (e.g. Automated Manual with paddles),7,"2-Wheel Drive, Front",Gasoline (Premium Unleaded Recommended),0,Minicompact Cars,0,1,1,1,6,6,274,0,0,MINI | COOPER CONVERTIBLE,1,0,1,0
BMW,Mini,COOPER CONVERTIBLE,1.5,3,27,38,31,42.4846,31.1644,0,Turbocharged,Manual,6,"2-Wheel Drive, Front",Gasoline (Premium Unleaded Recommended),0,Minicompact Cars,0,1,1,1,6,6,283,0,0,MINI | COOPER CONVERTIBLE,0,0,1,0
BMW,Mini,COOPER S CONVERTIBLE,2.0,4,27,36,30,40.9249,30.138,0,Turbocharged,Automated Manual- Selectable (e.g. Automated Manual with paddles),7,"2-Wheel Drive, Front",Gasoline (Premium Unleaded Recommended),0,Minicompact Cars,0,1,1,1,6,6,293,0,0,MINI | COOPER S CONVERTIBLE,1,0,1,0
BMW,Mini,COOPER S CONVERTIBLE,2.0,4,23,33,27,35.8547,26.8028,0,Turbocharged,Manual,6,"2-Wheel Drive, Front",Gasoline (Premium Unleaded Recommended),0,Minicompact Cars,0,1,1,1,5,5,329,0,0,MINI | COOPER S CONVERTIBLE,0,0,1,0
BMW,Mini,JOHN COOPER WORKS CONVERTIBLE,2.0,4,25,33,28,37.3597,27.7775,0,Turbocharged,Semi-Automatic,8,"2-Wheel Drive, Front",Gasoline (Premium Unleaded Recommended),0,Minicompact Cars,0,1,1,1,6,6,316,0,0,MINI | JOHN COOPER WORKS CONVERTIBLE,1,0,1,0
Porsche,Porsche,911 Carrera,3.0,6,18,24,20,27.9072,20.0,0,Turbocharged,Automated Manual- Selectable (e.g. Automated Manual with paddles),8,"2-Wheel Drive, Rear",Gasoline (Premium Unleaded Required),0,Minicompact Cars,0,1,1,1,4,4,443,0,0,PORSCHE | 911 CARRERA,1,0,1,0
Porsche,Porsche,911 Carrera 4,3.0,6,18,24,20,27.6054,20.0,0,Turbocharged,Automated Manual- Selectable (e.g. Automated Manual with paddles),8,All Wheel Drive,Gasoline (Premium Unleaded Required),0,Minicompact Cars,0,1,1,1,4,4,442,0,0,PORSCHE | 911 CARRERA 4,1,1,1,0
Porsche,Porsche,911 Carrera 4 Cabriolet,3.0,6,18,24,20,27.2929,20.0,0,Turbocharged,Automated Manual- Selectable (e.g. Automated Manual with paddles),8,All Wheel Drive,Gasoline (Premium Unleaded Required),0,Minicompact Cars,0,1,1,1,4,4,443,0,0,PORSCHE | 911 CARRERA 4 CABRIOLET,1,1,1,0
Porsche,Porsche,911 Carrera 4 GTS,3.0,6,17,23,19,25.9496,19.0,0,Turbocharged,Automated Manual- Selectable (e.g. Automated Manual with paddles),8,All Wheel Drive,Gasoline (Premium Unleaded Required),0,Minicompact Cars,0,1,1,1,4,4,464,0,0,PORSCHE | 911 CARRERA 4 GTS,1,1,1,0
Porsche,Porsche,911 Carrera 4 GTS,3.0,6,17,23,19,25.4218,19.0,0,Turbocharged,Manual,7,All Wheel Drive,Gasoline (Premium Unleaded Required),0,Minicompact Cars,0,1,1,1,4,4,465,0,0,PORSCHE | 911 CARRERA 4 GTS,0,1,1,0
Porsche,Porsche,911 Carrera 4 GTS Cabriolet,3.0,6,17,22,19,25.1684,19.3493,0,Turbocharged,Automated Manual- Selectable (e.g. Automated Manual with paddles),8,All Wheel Drive,Gasoline (Premium Unleaded Required),0,Minicompact Cars,0,1,1,1,4,4,463,0,0,PORSCHE | 911 CARRERA 4 GTS CABRIOLET,1,1,1,0
Porsche,Porsche,911 Carrera 4 GTS Cabriolet,3.0,6,16,23,19,25.1223,19.3637,0,Turbocharged,Manual,7,All Wheel Drive,Gasoline (Premium Unleaded Required),0,Minicompact Cars,0,1,1,1,4,4,477,0,0,PORSCHE | 911 CARRERA 4 GTS CABRIOLET,0,1,1,0
Porsche,Porsche,911 Carrera 4S,3.0,6,18,23,20,26.4485,20.2596,0,Turbocharged,Automated Manual- Selectable (e.g. Automated Manual with paddles),8,All Wheel Drive,Gasoline (Premium Unleaded Required),0,Minicompact Cars,0,1,1,1,4,4,443,0,0,PORSCHE | 911 CARRERA 4S,1,1,1,0
Porsche,Porsche,911 Carrera 4S,3.0,6,17,25,20,26.9372,20.0,0,Turbocharged,Manual,7,All Wheel Drive,Gasoline (Premium Unleaded Required),0,Minicompact Cars,0,1,1,1,4,4,442,0,0,PORSCHE | 911 CARRERA 4S,0,1,1,0
Porsche,Porsche,911 Carrera 4S Cabriolet,3.0,6,18,23,20,26.6316,20.375,0,Turbocharged,Automated Manual- Selectable (e.g. Automated Manual with paddles),8,All Wheel Drive,Gasoline (Premium Unleaded Required),0,Minicompact Cars,0,1,1,1,4,4,439,0,0,PORSCHE | 911 CARRERA 4S CABRIOLET,1,1,1,0
Porsche,Porsche,911 Carrera 4S Cabriolet,3.0,6,17,24,20,26.6257,20.4125,0,Turbocharged,Manual,7,All Wheel Drive,Gasoline (Premium Unleaded Required),0,Minicompact Cars,0,1,1,1,4,4,452,0,0,PORSCHE | 911 CARRERA 4S CABRIOLET,0,1,1,0
Porsche,Porsche,911 Carrera Cabriolet,3.0,6,18,24,20,27.8214,20.0,0,Turbocharged,Automated Manual- Selectable (e.g. Automated Manual with paddles),8,"2-Wheel Drive, Rear",Gasoline (Premium Unleaded Required),0,Minicompact Cars,0,1,1,1,4,4,443,0,0,PORSCHE | 911 CARRERA CABRIOLET,1,0,1,0
Porsche,Porsche,911 Carrera GTS,3.0,6,17,23,19,26.0246,19.0,0,Turbocharged,Automated Manual- Selectable (e.g. Automated Manual with paddles),8,"2-Wheel Drive, Rear",Gasoline (Premium Unleaded Required),0,Minicompact Cars,0,1,1,1,4,4,465,0,0,PORSCHE | 911 CARRERA GTS,1,0,1,0
Porsche,Porsche,911 Carrera GTS,3.0,6,17,24,20,26.0747,20.0298,0,Turbocharged,Manual,7,"2-Wheel Drive, Rear",Gasoline (Premium Unleaded Required),0,Minicompact Cars,0,1,1,1,4,4,444,0,0,PORSCHE | 911 CARRERA GTS,0,0,1,0
Porsche,Porsche,911 Carrera GTS Cabriolet,3.0,6,17,23,19,26.3167,19.0,0,Turbocharged,Automated Manual- Selectable (e.g. Automated Manual with paddles),8,"2-Wheel Drive, Rear",Gasoline (Premium Unleaded Required),0,Minicompact Cars,0,1,1,1,4,4,465,0,0,PORSCHE | 911 CARRERA GTS CABRIOLET,1,0,1,0
Porsche,Porsche,911 Carrera GTS Cabriolet,3.0,6,17,24,20,26.3114,20.1855,0,Turbocharged,Manual,7,"2-Wheel Drive, Rear",Gasoline (Premium Unleaded Required),0,Minicompact Cars,0,1,1,1,4,4,448,0,0,PORSCHE | 911 CARRERA GTS CABRIOLET,0,0,1,0
Porsche,Porsche,911 Carrera S,3.0,6,18,23,20,26.6272,20.3834,0,Turbocharged,Automated Manual- Selectable (e.g. Automated Manual with paddles),8,"2-Wheel Drive, Rear",Gasoline (Premium Unleaded Required),0,Minicompact Cars,0,1,1,1,4,4,441,0,0,PORSCHE | 911 CARRERA S,1,0,1,0
Porsche,Porsche,911 Carrera S,3.0,6,18,25,21,27.5149,21.0441,0,Turbocharged,Manual,7,"2-Wheel Drive, Rear",Gasoline (Premium Unleaded Required),0,Minicompact Cars,0,1,1,1,4,4,425,0,0,PORSCHE | 911 CARRERA S,0,0,1,0
Porsche,Porsche,911 Carrera S Cabriolet,3.0,6,18,23,20,26.6734,20.4125,0,Turbocharged,Automated Manual- Selectable (e.g. Automated Manual with paddles),8,"2-Wheel Drive, Rear",Gasoline (Premium Unleaded Required),0,Minicompact Cars,0,1,1,1,4,4,439,0,0,PORSCHE | 911 CARRERA S CABRIOLET,1,0,1,0
Porsche,Porsche,911 Carrera S Cabriolet,3.0,6,17,25,20,27.2521,20.0,0,Turbocharged,Manual,7,"2-Wheel Drive, Rear",Gasoline (Premium Unleaded Required),0,Minicompact Cars,0,1,1,1,4,4,443,0,0,PORSCHE | 911 CARRERA S CABRIOLET,0,0,1,0
Porsche,Porsche,911 Carrera T,3.0,6,18,24,20,27.0693,20.0,0,Turbocharged,Automated Manual- Selectable (e.g. Automated Manual with paddles),8,"2-Wheel Drive, Rear",Gasoline (Premium Unleaded Required),0,Minicompact Cars,0,1,1,1,4,4,444,0,0,PORSCHE | 911 CARRERA T,1,0,1,0
Porsche,Porsche,911 Carrera T,3.0,6,17,25,20,27.2534,20.0,0,Turbocharged,Manual,7,"2-Wheel Drive, Rear",Gasoline (Premium Unleaded Required),0,Minicompact Cars,0,1,1,1,4,4,443,0,0,PORSCHE | 911 CARRERA T,0,0,1,0
Porsche,Porsche,911 Dakar,3.0,6,16,24,19,25.1859,19.4192,0,Turbocharged,Automated Manual- Selectable (e.g. Automated Manual with paddles),8,All Wheel Drive,Gasoline (Premium Unleaded Required),0,Minicompact Cars,0,1,1,1,4,4,472,0,0,PORSCHE | 911 DAKAR,1,1,1,0
Porsche,Porsche,911 Targa 4,3.0,6,18,24,20,27.5114,20.0,0,Turbocharged,Automated Manual- Selectable (e.g. Automated Manual with paddles),8,All Wheel Drive,Gasoline (Premium Unleaded Required),0,Minicompact Cars,0,1,1,1,4,4,442,0,0,PORSCHE | 911 TARGA 4,1,1,1,0
Porsche,Porsche,911 Targa 4 GTS,3.0,6,17,22,19,25.1867,19.3573,0,Turbocharged,Automated Manual- Selectable (e.g. Automated Manual with paddles),8,All Wheel Drive,Gasoline (Premium Unleaded Required),0,Minicompact Cars,0,1,1,1,4,4,461,0,0,PORSCHE | 911 TARGA 4 GTS,1,1,1,0
Porsche,Porsche,911 Targa 4 GTS,3.0,6,16,23,19,25.1223,19.3637,0,Turbocharged,Manual,7,All Wheel Drive,Gasoline (Premium Unleaded Required),0,Minicompact Cars,0,1,1,1,4,4,477,0,0,PORSCHE | 911 TARGA 4 GTS,0,1,1,0
Porsche,Porsche,911 Targa 4S,3.0,6,18,23,20,27.1727,20.0,0,Turbocharged,Automated Manual- Selectable (e.g. Automated Manual with paddles),8,All Wheel Drive,Gasoline (Premium Unleaded Required),0,Minicompact Cars,0,1,1,1,4,4,442,0,0,PORSCHE | 911 TARGA 4S,1,1,1,0
Porsche,Porsche,911 Targa 4S,3.0,6,17,24,20,26.0651,20.0353,0,Turbocharged,Manual,7,All Wheel Drive,Gasoline (Premium Unleaded Required),0,Minicompact Cars,0,1,1,1,4,4,447,0,0,PORSCHE | 911 TARGA 4S,0,1,1,0
Porsche,Porsche,911 Turbo,3.7,6,14,21,17,21.2837,16.5818,1,Turbocharged,Automated Manual- Selectable (e.g. Automated Manual with paddles),8,All Wheel Drive,Gasoline (Premium Unleaded Required),0,Minicompact Cars,0,1,1,1,3,3,534,0,0,PORSCHE | 911 TURBO,1,1,1,0
Porsche,Porsche,911 Turbo Cabriolet,3.7,6,14,20,16,20.7809,16.219,1,Turbocharged,Automated Manual- Selectable (e.g. Automated Manual with paddles),8,All Wheel Drive,Gasoline (Premium Unleaded Required),0,Minicompact Cars,0,1,1,1,3,3,546,0,0,PORSCHE | 911 TURBO CABRIOLET,1,1,1,0
Porsche,Porsche,911 Turbo S,3.7,6,14,20,16,21.3495,16.0,1,Turbocharged,Automated Manual- Selectable (e.g. Automated Manual with paddles),8,All Wheel Drive,Gasoline (Premium Unleaded Required),0,Minicompact Cars,0,1,1,1,3,3,556,0,0,PORSCHE | 911 TURBO S,1,1,1,0
Porsche,Porsche,911 Turbo S Cabriolet,3.7,6,14,20,16,21.1136,16.4679,1,Turbocharged,Automated Manual- Selectable (e.g. Automated Manual with paddles),8,All Wheel Drive,Gasoline (Premium Unleaded Required),0,Minicompact Cars,0,1,1,1,3,3,549,0,0,PORSCHE | 911 TURBO S CABRIOLET,1,1,1,0
Subaru,Subaru,BRZ,2.4,4,21,30,25,32.6208,24.6094,0,Naturally Aspirated,Semi-Automatic,6,"2-Wheel Drive, Rear",Gasoline (Premium Unleaded Required),0,Minicompact Cars,0,1,0,0,5,5,361,0,0,SUBARU | BRZ,1,0,1,0
Subaru,Subaru,BRZ,2.4,4,20,27,22,29.3283,22.3034,0,Naturally Aspirated,Manual,6,"2-Wheel Drive, Rear",Gasoline (Premium Unleaded Required),0,Minicompact Cars,0,1,0,0,5,5,398,0,0,SUBARU | BRZ,0,0,1,0
Toyota,TOYOTA,GR86,2.4,4,21,30,24,32.1619,24.2943,0,Naturally Aspirated,Semi-Automatic,6,"2-Wheel Drive, Rear",Gasoline (Premium Unleaded Required),0,Minicompact Cars,0,1,0,0,5,5,366,0,0,TOYOTA | GR86,1,0,1,0
Toyota,TOYOTA,GR86,2.4,4,20,26,22,29.1551,22.176,0,Naturally Aspirated,Manual,6,"2-Wheel Drive, Rear",Gasoline (Premium Unleaded Required),0,Minicompact Cars,0,1,0,0,5,5,401,0,0,TOYOTA | GR86,0,0,1,0
Volkswagen Group of,Audi,A3,2.0,4,29,37,32,43.6381,31.8576,0,Turbocharged,Automated Manual- Selectable (e.g. Automated Manual with paddles),7,"2-Wheel Drive, Front",Gasoline (Regular Unleaded Recommended),0,Subcompact Cars,0,1,1,1,6,6,279,0,1,AUDI | A3,1,0,1,0
Volkswagen Group of,Audi,A3 quattro,2.0,4,27,34,30,40.4277,29.7675,0,Turbocharged,Automated Manual- Selectable (e.g. Automated Manual with paddles),7,4-Wheel Drive,Gasoline (Regular Unleaded Recommended),0,Subcompact Cars,0,1,1,1,6,6,299,0,1,AUDI | A3,1,1,1,0
Volkswagen Group of,Audi,A5 Cabriolet quattro,2.0,4,24,33,27,34.1468,27.294,0,Turbocharged,Automated Manual- Selectable (e.g. Automated Manual with paddles),7,All Wheel Drive,Gasoline (Premium Unleaded Recommended),0,Subcompact Cars,0,1,1,1,5,5,324,0,1,AUDI | A5 CABRIOLET,1,1,1,0
Volkswagen Group of,Audi,A5 Coupe quattro,2.0,4,24,32,27,35.449,26.8191,0,Turbocharged,Automated Manual- Selectable (e.g. Automated Manual with paddles),7,All Wheel Drive,Gasoline (Premium Unleaded Recommended),0,Subcompact Cars,0,1,1,1,5,5,330,0,1,AUDI | A5 COUPE,1,1,1,0
Volkswagen Group of,Audi,RS 3,2.5,5,19,29,23,28.5452,22.8441,0,Turbocharged,Automated Manual- Selectable (e.g. Automated Manual with paddles),7,All Wheel Drive,Gasoline (Premium Unleaded Recommended),0,Subcompact Cars,0,1,1,0,5,5,388,0,0,AUDI | RS 3,1,1,1,0
Volkswagen Group of,Audi,RS 5 Coupe,2.9,6,18,25,21,26.7609,20.8428,0,Turbocharged,Semi-Automatic,8,All Wheel Drive,Gasoline (Premium Unleaded Recommended),0,Subcompact Cars,0,1,1,0,4,4,425,0,0,AUDI | RS 5 COUPE,1,1,1,0
Volkswagen Group of,Audi,S3,2.0,4,23,32,26,34.7473,26.373,0,Turbocharged,Automated Manual- Selectable (e.g. Automated Manual with paddles),7,All Wheel Drive,Gasoline (Premium Unleaded Recommended),0,Subcompact Cars,0,1,1,1,5,5,335,0,1,AUDI | S3,1,1,1,0
Volkswagen Group of,Audi,S5 Cabriolet,3.0,6,20,27,22,29.3904,22.3402,0,Turbocharged,Semi-Automatic,8,All Wheel Drive,Gasoline (Premium Unleaded Recommended),0,Subcompact Cars,0,1,1,1,5,5,397,0,0,AUDI | S5 CABRIOLET,1,1,1,0
Volkswagen Group of,Audi,S5 Coupe,3.0,6,21,29,24,31.1745,23.5993,0,Turbocharged,Semi-Automatic,8,All Wheel Drive,Gasoline (Premium Unleaded Recommended),0,Subcompact Cars,0,1,1,1,5,5,376,0,0,AUDI | S5 COUPE,1,1,1,0
Volkswagen Group of,Bentley,Continental GT,4.0,8,14,22,17,21.9596,17.142,1,Turbocharged,Automated Manual- Selectable (e.g. Automated Manual with paddles),8,All Wheel Drive,Gasoline (Premium Unleaded Required),0,Subcompact Cars,1,1,0,1,3,3,519,0,0,BENTLEY | CONTINENTAL GT,1,1,1,0
Volkswagen Group of,Bentley,Continental GT,6.0,12,12,20,15,18.6618,15.0089,1,Turbocharged,Automated Manual- Selectable (e.g. Automated Manual with paddles),8,All Wheel Drive,Gasoline (Premium Unleaded Recommended),0,Subcompact Cars,1,1,0,1,2,2,591,0,0,BENTLEY | CONTINENTAL GT,1,1,1,0
BMW,BMW,230i Coupe,2.0,4,26,35,30,40.1996,29.6448,0,Turbocharged,Semi-Automatic,8,"2-Wheel Drive, Rear",Gasoline (Premium Unleaded Recommended),0,Subcompact Cars,0,1,1,1,6,6,296,0,0,BMW | 230I COUPE,1,0,1,0
BMW,BMW,230i xDrive Coupe,2.0,4,25,33,28,37.4975,27.8736,0,Turbocharged,Semi-Automatic,8,All Wheel Drive,Gasoline (Premium Unleaded Recommended),0,Subcompact Cars,0,1,1,1,6,6,314,0,0,BMW | 230I COUPE,1,1,1,0
BMW,BMW,430i Convertible,2.0,4,25,34,28,37.9816,28.1981,0,Turbocharged,Semi-Automatic,8,"2-Wheel Drive, Rear",Gasoline (Premium Unleaded Recommended),0,Subcompact Cars,0,1,1,1,6,6,312,0,0,BMW | 430I CONVERTIBLE,1,0,1,0
BMW,BMW,430i Coupe,2.0,4,25,34,28,37.9816,28.1981,0,Turbocharged,Semi-Automatic,8,"2-Wheel Drive, Rear",Gasoline (Premium Unleaded Recommended),0,Subcompact Cars,0,1,1,1,6,6,312,0,0,BMW | 430I COUPE,1,0,1,0
BMW,BMW,430i xDrive Convertible,2.0,4,23,33,27,36.1174,26.9785,0,Turbocharged,Semi-Automatic,8,All Wheel Drive,Gasoline (Premium Unleaded Recommended),0,Subcompact Cars,0,1,1,1,5,5,326,0,0,BMW | 430I CONVERTIBLE,1,1,1,0
BMW,BMW,430i xDrive Coupe,2.0,4,23,33,27,36.1174,26.9785,0,Turbocharged,Semi-Automatic,8,All Wheel Drive,Gasoline (Premium Unleaded Recommended),0,Subcompact Cars,0,1,1,1,5,5,326,0,0,BMW | 430I COUPE,1,1,1,0
BMW,BMW,840i Convertible,3.0,6,21,29,24,31.2831,23.667,0,Turbocharged,Semi-Automatic,8,"2-Wheel Drive, Rear",Gasoline (Premium Unleaded Recommended),0,Subcompact Cars,0,1,1,1,5,5,374,0,0,BMW | 840I CONVERTIBLE,1,0,1,0
BMW,BMW,840i Coupe,3.0,6,21,29,24,31.4433,23.777,0,Turbocharged,Semi-Automatic,8,"2-Wheel Drive, Rear",Gasoline (Premium Unleaded Recommended),0,Subcompact Cars,0,1,1,1,5,5,373,0,0,BMW | 840I COUPE,1,0,1,0
BMW,BMW,840i xDrive Convertible,3.0,6,21,29,24,31.2631,23.6539,0,Turbocharged,Semi-Automatic,8,All Wheel Drive,Gasoline (Premium Unleaded Recommended),0,Subcompact Cars,0,1,1,1,5,5,373,0,0,BMW | 840I CONVERTIBLE,1,1,1,0
BMW,BMW,840i xDrive Coupe,3.0,6,21,29,24,31.2854,23.6693,0,Turbocharged,Semi-Automatic,8,All Wheel Drive,Gasoline (Premium Unleaded Recommended),0,Subcompact Cars,0,1,1,1,5,5,373,0,0,BMW | 840I COUPE,1,1,1,0
BMW,BMW,M2 Coupe,3.0,6,16,23,19,23.9758,18.5261,0,Turbocharged,Semi-Automatic,8,"2-Wheel Drive, Rear",Gasoline (Premium Unleaded Required),0,Subcompact Cars,0,1,1,1,4,4,472,0,0,BMW | M2 COUPE,1,0,1,0
BMW,BMW,M2 Coupe,3.0,6,16,24,19,24.6307,19.0047,0,Turbocharged,Manual,6,"2-Wheel Drive, Rear",Gasoline (Premium Unleaded Required),0,Subcompact Cars,0,1,1,0,4,4,461,0,0,BMW | M2 COUPE,0,0,1,0
BMW,BMW,M240i Coupe,3.0,6,22,32,26,34.3556,25.7871,0,Turbocharged,Semi-Automatic,8,"2-Wheel Drive, Rear",Gasoline (Premium Unleaded Recommended),0,Subcompact Cars,0,1,1,1,5,5,343,0,0,BMW | M240I COUPE,1,0,1,0
BMW,BMW,M240i xDrive Coupe,3.0,6,23,32,26,34.8274,26.1041,0,Turbocharged,Semi-Automatic,8,All Wheel Drive,Gasoline (Premium Unleaded Recommended),0,Subcompact Cars,0,1,1,1,5,5,338,0,0,BMW | M240I COUPE,1,1,1,0
BMW,BMW,M4 Competition Coupe,3.0,6,16,23,19,24.2204,18.7021,0,Turbocharged,Semi-Automatic,8,"2-Wheel Drive, Rear",Gasoline (Premium Unleaded Required),0,Subcompact Cars,0,1,1,1,4,4,470,0,0,BMW | M4 COMPETITION COUPE,1,0,1,0
BMW,BMW,M4 Competition M xDrive Coupe,3.0,6,16,22,18,23.9213,18.4792,0,Turbocharged,Semi-Automatic,8,All Wheel Drive,Gasoline (Premium Unleaded Required),0,Subcompact Cars,0,1,1,1,4,4,477,0,0,BMW | M4 COMPETITION M COUPE,1,1,1,0
BMW,BMW,M4 Coupe,3.0,6,16,23,19,24.1012,18.6283,0,Turbocharged,Manual,6,"2-Wheel Drive, Rear",Gasoline (Premium Unleaded Required),0,Subcompact Cars,0,1,1,0,4,4,472,0,0,BMW | M4 COUPE,0,0,1,0
BMW,BMW,M440i Convertible,3.0,6,23,31,26,34.8023,26.0482,0,Turbocharged,Semi-Automatic,8,"2-Wheel Drive, Rear",Gasoline (Premium Unleaded Recommended),0,Subcompact Cars,0,1,1,1,5,5,338,0,1,BMW | M440I CONVERTIBLE,1,0,1,0
BMW,BMW,M440i Coupe,3.0,6,24,32,27,35.9147,26.7999,0,Turbocharged,Semi-Automatic,8,"2-Wheel Drive, Rear",Gasoline (Premium Unleaded Recommended),0,Subcompact Cars,0,1,1,1,5,5,329,0,1,BMW | M440I COUPE,1,0,1,0
BMW,BMW,M440i xDrive Convertible,3.0,6,22,30,25,33.3619,25.0925,0,Turbocharged,Semi-Automatic,8,All Wheel Drive,Gasoline (Premium Unleaded Recommended),0,Subcompact Cars,0,1,1,1,5,5,351,0,1,BMW | M440I CONVERTIBLE,1,1,1,0
BMW,BMW,M440i xDrive Coupe,3.0,6,22,31,25,33.6718,25.3236,0,Turbocharged,Semi-Automatic,8,All Wheel Drive,Gasoline (Premium Unleaded Recommended),0,Subcompact Cars,0,1,1,1,5,5,347,0,1,BMW | M440I COUPE,1,1,1,0
BMW,BMW,M4CompetitionMxDriveConvertible,3.0,6,16,23,18,23.4722,18.176,0,Turbocharged,Semi-Automatic,8,All Wheel Drive,Gasoline (Premium Unleaded Required),0,Subcompact Cars,0,1,1,1,4,4,484,0,0,BMW | M4COMPETITIONMXDRIVECONVERTIBLE,1,1,1,0
BMW,BMW,M8 Competition Convertible,4.4,8,15,22,17,22.0036,17.1142,1,Turbocharged,Semi-Automatic,8,All Wheel Drive,Gasoline (Premium Unleaded Required),0,Subcompact Cars,0,1,1,1,3,3,517,0,0,BMW | M8 COMPETITION CONVERTIBLE,1,1,1,0
BMW,BMW,M8 Competition Coupe,4.4,8,15,22,17,22.0036,17.1142,1,Turbocharged,Semi-Automatic,8,All Wheel Drive,Gasoline (Premium Unleaded Required),0,Subcompact Cars,0,1,1,1,3,3,517,0,0,BMW | M8 COMPETITION COUPE,1,1,1,0
BMW,BMW,M850i xDrive Convertible,4.4,8,17,24,19,24.9997,19.2638,0,Turbocharged,Semi-Automatic,8,All Wheel Drive,Gasoline (Premium Unleaded Recommended),0,Subcompact Cars,0,1,1,1,4,4,457,0,0,BMW | M850I CONVERTIBLE,1,1,1,0
BMW,BMW,M850i xDrive Coupe,4.4,8,17,24,19,25.0424,19.293,0,Turbocharged,Semi-Automatic,8,All Wheel Drive,Gasoline (Premium Unleaded Recommended),0,Subcompact Cars,0,1,1,1,4,4,457,0,0,BMW | M850I COUPE,1,1,1,0
General Motors,Chevrolet,CAMARO,3.6,6,18,29,22,28.6299,21.8896,0,Naturally Aspirated,Semi-Automatic,10,"2-Wheel Drive, Rear",Gasoline (Regular Unleaded Recommended),0,Subcompact Cars,1,1,0,0,5,5,407,0,0,CHEVROLET | CAMARO,1,0,1,0
General Motors,Chevrolet,CAMARO,3.6,6,16,26,20,25.5518,19.711,0,Naturally Aspirated,Manual,6,"2-Wheel Drive, Rear",Gasoline (Regular Unleaded Recommended),0,Subcompact Cars,0,1,0,0,4,4,451,0,0,CHEVROLET | CAMARO,0,0,1,0
General Motors,Chevrolet,CAMARO,6.2,8,13,21,16,19.0145,15.5592,1,Supercharged,Semi-Automatic,10,"2-Wheel Drive, Rear",Gasoline (Premium Unleaded Required),0,Subcompact Cars,0,1,0,0,3,3,571,0,0,CHEVROLET | CAMARO,1,0,1,0
General Motors,Chevrolet,CAMARO,6.2,8,16,26,20,25.0148,19.5574,0,Naturally Aspirated,Semi-Automatic,10,"2-Wheel Drive, Rear",Gasoline (Premium Unleaded Required),0,Subcompact Cars,1,1,0,0,4,4,452,0,0,CHEVROLET | CAMARO,1,0,1,0
General Motors,Chevrolet,CAMARO,6.2,8,16,24,19,24.0765,18.6287,0,Naturally Aspirated,Manual,6,"2-Wheel Drive, Rear",Gasoline (Premium Unleaded Required),0,Subcompact Cars,0,1,0,0,4,4,477,0,0,CHEVROLET | CAMARO,0,0,1,0
General Motors,Chevrolet,CAMARO,6.2,8,14,20,16,20.255,15.8233,1,Supercharged,Manual,6,"2-Wheel Drive, Rear",Gasoline (Premium Unleaded Required),0,Subcompact Cars,0,1,0,0,3,3,561,0,0,CHEVROLET | CAMARO,0,0,1,0
Ferrari,"Ferrari North America, Inc.",Roma,3.9,8,17,22,19,24.2605,18.7055,0,Turbocharged,Automated Manual,8,"2-Wheel Drive, Rear",Gasoline (Premium Unleaded Required),0,Subcompact Cars,0,1,0,1,4,4,472,0,0,"FERRARI NORTH AMERICA, INC. | ROMA",1,0,1,0
Ford Motor Company,Ford,MUSTANG,2.3,4,22,33,26,34.4383,25.8833,0,Turbocharged,Automatic,10,"2-Wheel Drive, Rear",Gasoline (Regular Unleaded Recommended),0,Subcompact Cars,0,0,0,1,5,5,341,0,0,FORD | MUSTANG,1,0,1,0
Ford Motor Company,Ford,MUSTANG,5.0,8,16,24,19,24.7799,19.1633,0,Naturally Aspirated,Semi-Automatic,10,"2-Wheel Drive, Rear",Gasoline (Regular Unleaded Recommended),0,Subcompact Cars,0,1,0,1,4,4,467,0,0,FORD | MUSTANG,1,0,1,0
Ford Motor Company,Ford,MUSTANG,5.0,8,15,24,18,23.6763,18.3894,0,Naturally Aspirated,Semi-Automatic,10,"2-Wheel Drive, Rear",Gasoline (Regular Unleaded Recommended),0,Subcompact Cars,0,1,0,0,4,4,492,0,0,FORD | MUSTANG,1,0,1,0
Ford Motor Company,Ford,MUSTANG,5.0,8,15,23,18,23.3427,18.111,0,Naturally Aspirated,Manual,6,"2-Wheel Drive, Rear",Gasoline (Regular Unleaded Recommended),0,Subcompact Cars,0,1,0,1,4,4,494,0,0,FORD | MUSTANG,0,0,1,0
Ford Motor Company,Ford,MUSTANG,5.0,8,14,23,17,21.9955,17.1508,1,Naturally Aspirated,Manual,6,"2-Wheel Drive, Rear",Gasoline (Regular Unleaded Recommended),0,Subcompact Cars,0,1,0,0,3,3,515,0,0,FORD | MUSTANG,0,0,1,0
Ford Motor Company,Ford,MUSTANG DARK HORSE,5.0,8,14,22,17,21.6445,16.8653,1,Naturally Aspirated,Semi-Automatic,10,"2-Wheel Drive, Rear",Gasoline (Regular Unleaded Recommended),0,Subcompact Cars,0,1,0,0,3,3,524,0,0,FORD | MUSTANG DARK HORSE,1,0,1,0
Ford Motor Company,Ford,MUSTANG DARK HORSE,5.0,8,14,22,17,21.1417,16.5176,1,Naturally Aspirated,Manual,6,"2-Wheel Drive, Rear",Gasoline (Regular Unleaded Recommended),0,Subcompact Cars,0,1,0,0,3,3,535,0,0,FORD | MUSTANG DARK HORSE,0,0,1,0
Ford Motor Company,Ford,MUSTANG PERFORMANCE PACK,2.3,4,21,29,24,31.8092,24.0183,0,Turbocharged,Semi-Automatic,10,"2-Wheel Drive, Rear",Gasoline (Regular Unleaded Recommended),0,Subcompact Cars,0,0,0,1,5,5,368,0,0,FORD | MUSTANG PERFORMANCE PACK,1,0,1,0
Toyota,LEXUS,LC 500,5.0,8,16,24,18,23.8549,18.4837,0,Naturally Aspirated,Semi-Automatic,10,"2-Wheel Drive, Rear",Gasoline (Premium Unleaded Required),0,Subcompact Cars,0,1,0,0,4,4,481,0,0,LEXUS | LC 500,1,0,1,0
Toyota,LEXUS,LC 500h,3.5,6,26,33,29,39.5315,29.0228,0,Naturally Aspirated,Selectable Continuously Variable (e.g. CVT with paddles),10,"2-Wheel Drive, Rear",Gasoline (Premium Unleaded Required),0,Subcompact Cars,0,1,0,1,6,6,304,1,0,LEXUS | LC 500H,1,0,1,0
Toyota,LEXUS,RC 300,2.0,4,21,31,25,32.8965,24.8108,0,Turbocharged,Semi-Automatic,8,"2-Wheel Drive, Rear",Gasoline (Premium Unleaded Required),0,Subcompact Cars,0,1,0,0,5,5,355,0,0,LEXUS | RC 300,1,0,1,0
Toyota,LEXUS,RC 300 AWD,3.5,6,19,26,22,28.5805,21.7748,0,Naturally Aspirated,Semi-Automatic,6,All Wheel Drive,Gasoline (Premium Unleaded Required),0,Subcompact Cars,0,1,0,0,5,5,407,0,0,LEXUS | RC 300,1,1,1,0
Toyota,LEXUS,RC 350,3.5,6,20,28,23,30.209,22.9275,0,Naturally Aspirated,Semi-Automatic,8,"2-Wheel Drive, Rear",Gasoline (Premium Unleaded Required),0,Subcompact Cars,0,1,0,0,5,5,385,0,0,LEXUS | RC 350,1,0,1,0
Toyota,LEXUS,RC 350 AWD,3.5,6,19,26,22,28.5805,21.7748,0,Naturally Aspirated,Semi-Automatic,6,All Wheel Drive,Gasoline (Premium Unleaded Required),0,Subcompact Cars,0,1,0,0,5,5,407,0,0,LEXUS | RC 350,1,1,1,0
Toyota,LEXUS,RC F,5.0,8,16,24,19,24.707,19.238,0,Naturally Aspirated,Semi-Automatic,8,"2-Wheel Drive, Rear",Gasoline (Premium Unleaded Required),0,Subcompact Cars,0,1,0,0,4,4,459,0,0,LEXUS | RC F,1,0,1,0
Maserati,MASERATI,Grancabrio Trofeo,3.0,6,17,26,20,25.9029,20.3274,0,Turbocharged,Automatic,8,All Wheel Drive,Gasoline (Premium Unleaded Required),0,Subcompact Cars,1,1,0,1,4,4,430,0,0,MASERATI | GRANCABRIO TROFEO,1,1,1,0
Maserati,MASERATI,Granturismo Modena,3.0,6,18,27,21,27.1028,21.2575,0,Turbocharged,Automatic,8,All Wheel Drive,Gasoline (Premium Unleaded Required),0,Subcompact Cars,1,1,0,1,4,4,412,0,0,MASERATI | GRANTURISMO MODENA,1,1,1,0
Maserati,MASERATI,Granturismo Trofeo,3.0,6,18,27,21,27.1028,21.2575,0,Turbocharged,Automatic,8,All Wheel Drive,Gasoline (Premium Unleaded Required),0,Subcompact Cars,1,1,0,1,4,4,412,0,0,MASERATI | GRANTURISMO TROFEO,1,1,1,0
Mercedes-Benz,Mercedes-Benz,AMG GT 55 4MATIC+ (coupe),4.0,8,13,20,16,19.9912,15.6552,1,Turbocharged,Automatic,9,All Wheel Drive,Gasoline (Premium Unleaded Required),0,Subcompact Cars,0,1,0,1,3,3,568,0,0,MERCEDES-BENZ | AMG GT 55 + (COUPE),1,1,1,0
Mercedes-Benz,Mercedes-Benz,AMG GT 63 4MATIC+ (coupe),4.0,8,13,20,16,19.9912,15.6552,1,Turbocharged,Automatic,9,All Wheel Drive,Gasoline (Premium Unleaded Required),0,Subcompact Cars,0,1,0,1,3,3,568,0,0,MERCEDES-BENZ | AMG GT 63 + (COUPE),1,1,1,0
Mercedes-Benz,Mercedes-Benz,CLE 300 4MATIC (Convertible),2.0,4,23,32,26,35.4136,26.4895,0,Turbocharged,Automatic,9,All Wheel Drive,Gasoline (Premium Unleaded Required),0,Subcompact Cars,0,1,1,1,5,5,336,0,1,MERCEDES-BENZ | CLE 300 (CONVERTIBLE),1,1,1,0
Mercedes-Benz,Mercedes-Benz,CLE 300 4MATIC (Coupe),2.0,4,24,34,28,36.9018,27.5044,0,Turbocharged,Automatic,9,All Wheel Drive,Gasoline (Premium Unleaded Required),0,Subcompact Cars,0,1,1,1,6,6,324,0,1,MERCEDES-BENZ | CLE 300 (COUPE),1,1,1,0
Mercedes-Benz,Mercedes-Benz,CLE 450 4MATIC (Convertible),3.0,6,23,32,26,35.2563,26.3814,0,Turbocharged+Supercharged,Automatic,9,All Wheel Drive,Gasoline (Premium Unleaded Required),0,Subcompact Cars,0,1,1,1,5,5,338,0,1,MERCEDES-BENZ | CLE 450 (CONVERTIBLE),1,1,1,0
Mercedes-Benz,Mercedes-Benz,CLE 450 4MATIC (Coupe),3.0,6,23,33,26,34.1972,26.2577,0,Turbocharged+Supercharged,Automatic,9,All Wheel Drive,Gasoline (Premium Unleaded Required),0,Subcompact Cars,0,1,1,1,5,5,339,0,1,MERCEDES-BENZ | CLE 450 (COUPE),1,1,1,0
BMW,Mini,COOPER HARDTOP 2 DOOR,1.5,3,29,38,32,44.1938,32.2432,0,Turbocharged,Automated Manual- Selectable (e.g. Automated Manual with paddles),7,"2-Wheel Drive, Front",Gasoline (Premium Unleaded Recommended),0,Subcompact Cars,0,1,1,1,6,6,274,0,0,MINI | COOPER HARDTOP 2 DOOR,1,0,1,0
BMW,Mini,COOPER HARDTOP 2 DOOR,1.5,3,27,38,31,42.4846,31.1644,0,Turbocharged,Manual,6,"2-Wheel Drive, Front",Gasoline (Premium Unleaded Recommended),0,Subcompact Cars,0,1,1,1,6,6,283,0,0,MINI | COOPER HARDTOP 2 DOOR,0,0,1,0
BMW,Mini,COOPER HARDTOP 4 DOOR,1.5,3,29,38,32,44.1938,32.2432,0,Turbocharged,Automated Manual- Selectable (e.g. Automated Manual with paddles),7,"2-Wheel Drive, Front",Gasoline (Premium Unleaded Recommended),0,Subcompact Cars,0,1,1,1,6,6,274,0,0,MINI | COOPER HARDTOP 4 DOOR,1,0,1,0
BMW,Mini,COOPER HARDTOP 4 DOOR,1.5,3,27,38,31,42.4846,31.1644,0,Turbocharged,Manual,6,"2-Wheel Drive, Front",Gasoline (Premium Unleaded Recommended),0,Subcompact Cars,0,1,1,1,6,6,283,0,0,MINI | COOPER HARDTOP 4 DOOR,0,0,1,0
BMW,Mini,COOPER S HARDTOP 2 DOOR,2.0,4,28,38,31,43.0055,31.4981,0,Turbocharged,Automated Manual- Selectable (e.g. Automated Manual with paddles),7,"2-Wheel Drive, Front",Gasoline (Premium Unleaded Recommended),0,Subcompact Cars,0,1,1,1,6,6,280,0,0,MINI | COOPER S HARDTOP 2 DOOR,1,0,1,0
BMW,Mini,COOPER S HARDTOP 2 DOOR,2.0,4,23,33,27,35.7544,26.7511,0,Turbocharged,Manual,6,"2-Wheel Drive, Front",Gasoline (Premium Unleaded Recommended),0,Subcompact Cars,0,1,1,1,5,5,330,0,0,MINI | COOPER S HARDTOP 2 DOOR,0,0,1,0
BMW,Mini,COOPER S HARDTOP 4 DOOR,2.0,4,28,38,31,43.0055,31.4981,0,Turbocharged,Automated Manual- Selectable (e.g. Automated Manual with paddles),7,"2-Wheel Drive, Front",Gasoline (Premium Unleaded Recommended),0,Subcompact Cars,0,1,1,1,6,6,280,0,0,MINI | COOPER S HARDTOP 4 DOOR,1,0,1,0
BMW,Mini,COOPER S HARDTOP 4 DOOR,2.0,4,23,33,27,35.7544,26.7511,0,Turbocharged,Manual,6,"2-Wheel Drive, Front",Gasoline (Premium Unleaded Recommended),0,Subcompact Cars,0,1,1,1,5,5,330,0,0,MINI | COOPER S HARDTOP 4 DOOR,0,0,1,0
BMW,Mini,JOHN COOPER WORKS HARDTOP 2 DOOR,2.0,4,26,35,29,39.8783,29.4497,0,Turbocharged,Semi-Automatic,8,"2-Wheel Drive, Front",Gasoline (Premium Unleaded Recommended),0,Subcompact Cars,0,1,1,1,6,6,299,0,0,MINI | JOHN COOPER WORKS HARDTOP 2 DOOR,1,0,1,0
BMW,Mini,JOHN COOPER WORKS HARDTOP 2 DOOR,2.0,4,22,32,26,33.9955,25.5484,0,Turbocharged,Manual,6,"2-Wheel Drive, Front",Gasoline (Premium Unleaded Recommended),0,Subcompact Cars,0,1,1,1,5,5,345,0,0,MINI | JOHN COOPER WORKS HARDTOP 2 DOOR,0,0,1,0
Nissan,NISSAN,GT-R,3.8,6,16,22,18,23.4599,18.0,0,Turbocharged,Automated Manual- Selectable (e.g. Automated Manual with paddles),6,All Wheel Drive,Gasoline (Premium Unleaded Required),0,Subcompact Cars,0,1,0,0,4,4,493,0,0,NISSAN | GT-R,1,1,1,0
Toyota,TOYOTA,GR COROLLA,1.6,3,21,28,24,31.6332,23.889,0,Turbocharged,Manual,6,All Wheel Drive,Gasoline (Premium Unleaded Required),0,Subcompact Cars,0,1,0,0,5,5,368,0,0,TOYOTA | GR COROLLA,0,1,1,0
Honda,Acura,TLX AWD A-SPEC,2.0,4,21,29,24,31.6213,23.9039,0,Turbocharged,Semi-Automatic,10,All Wheel Drive,Gasoline (Premium Unleaded Recommended),0,Compact Cars,0,1,1,1,5,5,371,0,0,ACURA | TLX A-SPEC,1,1,1,0
Honda,Acura,TLX FWD,2.0,4,22,31,25,33.5043,25.1998,0,Turbocharged,Semi-Automatic,10,"2-Wheel Drive, Front",Gasoline (Premium Unleaded Recommended),0,Compact Cars,0,1,1,1,5,5,352,0,0,ACURA | TLX,1,0,1,0
Honda,Acura,TLX Type-S,3.0,6,19,25,21,29.1487,21.0,0,Turbocharged,Semi-Automatic,10,All Wheel Drive,Gasoline (Premium Unleaded Recommended),0,Compact Cars,1,1,0,1,4,4,420,0,0,ACURA | TLX TYPE-S,1,1,1,0
Volkswagen Group of,Audi,A4 quattro,2.0,4,26,35,30,38.4819,29.5426,0,Turbocharged,Automated Manual- Selectable (e.g. Automated Manual with paddles),7,All Wheel Drive,Gasoline (Premium Unleaded Recommended),0,Compact Cars,0,1,1,1,6,6,300,0,1,AUDI | A4,1,1,1,0
Volkswagen Group of,Audi,A4 S line quattro,2.0,4,24,32,27,35.449,26.8191,0,Turbocharged,Automated Manual- Selectable (e.g. Automated Manual with paddles),7,All Wheel Drive,Gasoline (Premium Unleaded Recommended),0,Compact Cars,0,1,1,1,5,5,330,0,1,AUDI | A4 S LINE,1,1,1,0
Volkswagen Group of,Audi,S4,3.0,6,21,29,24,31.1745,23.5993,0,Turbocharged,Semi-Automatic,8,All Wheel Drive,Gasoline (Premium Unleaded Recommended),0,Compact Cars,0,1,1,1,5,5,376,0,0,AUDI | S4,1,1,1,0
BMW,BMW,228i Gran Coupe,2.0,4,24,34,28,37.5278,27.9163,0,Turbocharged,Semi-Automatic,8,"2-Wheel Drive, Front",Gasoline (Premium Unleaded Recommended),0,Compact Cars,0,1,1,1,6,6,315,0,0,BMW | 228I GRAN COUPE,1,0,1,0
BMW,BMW,228i xDrive Gran Coupe,2.0,4,23,33,27,35.6583,26.6725,0,Turbocharged,Semi-Automatic,8,All Wheel Drive,Gasoline (Premium Unleaded Recommended),0,Compact Cars,0,1,1,1,5,5,330,0,0,BMW | 228I GRAN COUPE,1,1,1,0
BMW,BMW,330i Sedan,2.0,4,25,34,29,38.7628,28.7104,0,Turbocharged,Semi-Automatic,8,"2-Wheel Drive, Rear",Gasoline (Premium Unleaded Recommended),0,Compact Cars,0,1,1,1,6,6,308,0,0,BMW | 330I SEDAN,1,0,1,0
BMW,BMW,330i xDrive Sedan,2.0,4,24,33,27,36.8317,27.4489,0,Turbocharged,Semi-Automatic,8,All Wheel Drive,Gasoline (Premium Unleaded Recommended),0,Compact Cars,0,1,1,1,5,5,322,0,0,BMW | 330I SEDAN,1,1,1,0
BMW,BMW,430i Gran Coupe,2.0,4,25,34,28,37.9816,28.1981,0,Turbocharged,Semi-Automatic,8,"2-Wheel Drive, Rear",Gasoline (Premium Unleaded Recommended),0,Compact Cars,0,1,1,1,6,6,312,0,0,BMW | 430I GRAN COUPE,1,0,1,0
BMW,BMW,430i xDrive Gran Coupe,2.0,4,23,33,27,36.1174,26.9785,0,Turbocharged,Semi-Automatic,8,All Wheel Drive,Gasoline (Premium Unleaded Recommended),0,Compact Cars,0,1,1,1,5,5,326,0,0,BMW | 430I GRAN COUPE,1,1,1,0
BMW,BMW,M235i xDrive Gran Coupe,2.0,4,24,33,27,36.5534,27.2493,0,Turbocharged,Semi-Automatic,8,All Wheel Drive,Gasoline (Premium Unleaded Recommended),0,Compact Cars,0,1,1,1,5,5,325,0,0,BMW | M235I GRAN COUPE,1,1,1,0
BMW,BMW,M3 Competition M xDrive Sedan,3.0,6,16,22,18,23.9213,18.4792,0,Turbocharged,Semi-Automatic,8,All Wheel Drive,Gasoline (Premium Unleaded Required),0,Compact Cars,0,1,1,1,4,4,477,0,0,BMW | M3 COMPETITION M SEDAN,1,1,1,0
BMW,BMW,M3 Competition Sedan,3.0,6,16,23,19,24.2204,18.7021,0,Turbocharged,Semi-Automatic,8,"2-Wheel Drive, Rear",Gasoline (Premium Unleaded Required),0,Compact Cars,0,1,1,1,4,4,470,0,0,BMW | M3 COMPETITION SEDAN,1,0,1,0
BMW,BMW,M3 CS Sedan,3.0,6,15,22,18,23.0128,17.8425,0,Turbocharged,Semi-Automatic,8,All Wheel Drive,Gasoline (Premium Unleaded Required),0,Compact Cars,0,1,1,1,4,4,491,0,0,BMW | M3 CS SEDAN,1,1,1,0
BMW,BMW,M3 Sedan,3.0,6,16,23,19,24.1012,18.6283,0,Turbocharged,Manual,6,"2-Wheel Drive, Rear",Gasoline (Premium Unleaded Required),0,Compact Cars,0,1,1,0,4,4,472,0,0,BMW | M3 SEDAN,0,0,1,0
BMW,BMW,M340i Sedan,3.0,6,23,31,26,34.7354,26.0226,0,Turbocharged,Semi-Automatic,8,"2-Wheel Drive, Rear",Gasoline (Premium Unleaded Recommended),0,Compact Cars,0,1,1,1,5,5,340,0,1,BMW | M340I SEDAN,1,0,1,0
BMW,BMW,M340i xDrive Sedan,3.0,6,23,31,26,34.5138,25.8807,0,Turbocharged,Semi-Automatic,8,All Wheel Drive,Gasoline (Premium Unleaded Recommended),0,Compact Cars,0,1,1,1,5,5,341,0,1,BMW | M340I SEDAN,1,1,1,0
BMW,BMW,M440i Gran Coupe,3.0,6,24,32,27,35.9147,26.7999,0,Turbocharged,Semi-Automatic,8,"2-Wheel Drive, Rear",Gasoline (Premium Unleaded Recommended),0,Compact Cars,0,1,1,1,5,5,329,0,1,BMW | M440I GRAN COUPE,1,0,1,0
BMW,BMW,M440i xDrive Gran Coupe,3.0,6,22,30,25,33.3619,25.0925,0,Turbocharged,Semi-Automatic,8,All Wheel Drive,Gasoline (Premium Unleaded Recommended),0,Compact Cars,0,1,1,1,5,5,351,0,1,BMW | M440I GRAN COUPE,1,1,1,0
General Motors,Cadillac,CT4,2.0,4,22,32,26,34.35,25.8001,0,Turbocharged,Semi-Automatic,8,"2-Wheel Drive, Rear",Gasoline (Premium Unleaded Required),0,Compact Cars,1,1,1,1,5,5,345,0,0,CADILLAC | CT4,1,0,1,0
General Motors,Cadillac,CT4,2.7,4,21,31,25,32.893,24.7997,0,Turbocharged,Semi-Automatic,10,"2-Wheel Drive, Rear",Gasoline (Premium Unleaded Required),0,Compact Cars,1,1,1,1,5,5,356,0,0,CADILLAC | CT4,1,0,1,0
General Motors,Cadillac,CT4 AWD,2.0,4,21,31,25,33.3885,25.1578,0,Turbocharged,Semi-Automatic,8,All Wheel Drive,Gasoline (Premium Unleaded Required),0,Compact Cars,1,1,1,1,5,5,357,0,0,CADILLAC | CT4,1,1,1,0
General Motors,Cadillac,CT4 AWD,2.7,4,21,29,24,31.5167,23.8325,0,Turbocharged,Semi-Automatic,10,All Wheel Drive,Gasoline (Premium Unleaded Required),0,Compact Cars,1,1,1,1,5,5,371,0,0,CADILLAC | CT4,1,1,1,0
General Motors,Cadillac,CT4 V,2.7,4,20,29,23,30.4077,23.0846,0,Turbocharged,Semi-Automatic,10,"2-Wheel Drive, Rear",Gasoline (Premium Unleaded Required),0,Compact Cars,1,1,1,1,5,5,384,0,0,CADILLAC | CT4 V,1,0,1,0
General Motors,Cadillac,CT4 V,3.6,6,16,24,19,24.0241,18.6015,0,Turbocharged,Semi-Automatic,10,"2-Wheel Drive, Rear",Gasoline (Premium Unleaded Required),0,Compact Cars,0,1,0,0,4,4,478,0,0,CADILLAC | CT4 V,1,0,1,0
General Motors,Cadillac,CT4 V,3.6,6,15,23,18,22.447,18.1582,0,Turbocharged,Manual,6,"2-Wheel Drive, Rear",Gasoline (Premium Unleaded Required),0,Compact Cars,0,1,0,0,4,4,488,0,0,CADILLAC | CT4 V,0,0,1,0
General Motors,Cadillac,CT4 V AWD,2.7,4,20,28,23,31.0197,23.4883,0,Turbocharged,Semi-Automatic,10,All Wheel Drive,Gasoline (Premium Unleaded Required),0,Compact Cars,1,1,1,1,5,5,387,0,0,CADILLAC | CT4 V,1,1,1,0
Hyundai,GENESIS,G70 AWD,2.5,4,20,28,23,29.258,23.0225,0,Turbocharged,Semi-Automatic,8,All Wheel Drive,Gasoline (Premium Unleaded Recommended),0,Compact Cars,0,1,0,0,5,5,385,0,0,GENESIS | G70,1,1,1,0
Hyundai,GENESIS,G70 RWD,2.5,4,21,29,24,30.4871,23.8373,0,Turbocharged,Semi-Automatic,8,"2-Wheel Drive, Rear",Gasoline (Premium Unleaded Recommended),0,Compact Cars,0,1,0,0,5,5,373,0,0,GENESIS | G70,1,0,1,0
Toyota,LEXUS,IS 300,2.0,4,21,31,25,32.8965,24.8108,0,Turbocharged,Semi-Automatic,8,"2-Wheel Drive, Rear",Gasoline (Premium Unleaded Required),0,Compact Cars,0,1,0,0,5,5,355,0,0,LEXUS | IS 300,1,0,1,0
Toyota,LEXUS,IS 300 AWD,3.5,6,19,26,22,28.5805,21.7748,0,Naturally Aspirated,Semi-Automatic,6,All Wheel Drive,Gasoline (Premium Unleaded Required),0,Compact Cars,0,1,0,0,5,5,407,0,0,LEXUS | IS 300,1,1,1,0
Toyota,LEXUS,IS 350,3.5,6,20,28,23,30.209,22.9275,0,Naturally Aspirated,Semi-Automatic,8,"2-Wheel Drive, Rear",Gasoline (Premium Unleaded Required),0,Compact Cars,0,1,0,0,5,5,385,0,0,LEXUS | IS 350,1,0,1,0
Toyota,LEXUS,IS 350 AWD,3.5,6,19,26,22,28.5805,21.7748,0,Naturally Aspirated,Semi-Automatic,6,All Wheel Drive,Gasoline (Premium Unleaded Required),0,Compact Cars,0,1,0,0,5,5,407,0,0,LEXUS | IS 350,1,1,1,0
Toyota,LEXUS,IS 500,5.0,8,17,25,20,25.2679,19.6979,0,Naturally Aspirated,Semi-Automatic,8,"2-Wheel Drive, Rear",Gasoline (Premium Unleaded Required),0,Compact Cars,0,1,0,0,4,4,451,0,0,LEXUS | IS 500,1,0,1,0
Toyota,LEXUS,UX 250h,2.0,4,43,41,42,58.8846,42.0612,0,Naturally Aspirated,Selectable Continuously Variable (e.g. CVT with paddles),6,"2-Wheel Drive, Front",Gasoline (Regular Unleaded Recommended),0,Compact Cars,0,1,0,1,7,7,209,1,0,LEXUS | UX 250H,1,0,1,0
Toyota,LEXUS,UX 250h,2.0,4,43,41,42,58.8846,42.0612,0,Naturally Aspirated,Selectable Continuously Variable (e.g. CVT with paddles),6,"2-Wheel Drive, Front",Gasoline (Regular Unleaded Recommended),0,Compact Cars,0,1,0,1,7,7,209,0,1,LEXUS | UX 250H,1,0,1,0
Toyota,LEXUS,UX 250h AWD,2.0,4,41,38,39,55.472,39.0,0,Naturally Aspirated,Selectable Continuously Variable (e.g. CVT with paddles),6,All Wheel Drive,Gasoline (Regular Unleaded Recommended),0,Compact Cars,0,1,0,1,7,7,225,0,1,LEXUS | UX 250H,1,1,1,0
Toyota,LEXUS,UX 250h AWD,2.0,4,41,38,39,55.472,39.0,0,Naturally Aspirated,Selectable Continuously Variable (e.g. CVT with paddles),6,All Wheel Drive,Gasoline (Regular Unleaded Recommended),0,Compact Cars,0,1,0,1,7,7,225,1,0,LEXUS | UX 250H,1,1,1,0
MAZDA,MAZDA,MAZDA3 4-Door 2WD,2.5,4,27,37,31,42.1965,30.954,0,Naturally Aspirated,Semi-Automatic,6,"2-Wheel Drive, Front",Gasoline (Regular Unleaded Recommended),0,Compact Cars,1,1,0,0,6,6,287,0,0,MAZDA | MAZDA3 4-DOOR,1,0,1,0
MAZDA,MAZDA,MAZDA3 4-Door 4WD,2.5,4,23,32,27,35.623,26.6352,0,Turbocharged,Semi-Automatic,6,4-Wheel Drive,Gasoline (Regular Unleaded Recommended),0,Compact Cars,0,1,0,0,5,5,334,0,0,MAZDA | MAZDA3 4-DOOR,1,1,1,0
MAZDA,MAZDA,MAZDA3 4-Door 4WD,2.5,4,26,35,30,40.124,29.5971,0,Naturally Aspirated,Semi-Automatic,6,4-Wheel Drive,Gasoline (Regular Unleaded Recommended),0,Compact Cars,1,1,0,0,6,6,301,0,0,MAZDA | MAZDA3 4-DOOR,1,1,1,0
Mercedes-Benz,Mercedes-Benz,AMG C 43 4MATIC,2.0,4,20,28,23,30.1304,22.875,0,Turbocharged,Automatic,9,All Wheel Drive,Gasoline (Premium Unleaded Required),0,Compact Cars,0,1,1,1,5,5,389,0,1,MERCEDES-BENZ | AMG C 43,1,1,1,0
Mercedes-Benz,Mercedes-Benz,AMG CLA 35 4MATIC,2.0,4,22,29,25,32.6572,24.5963,0,Turbocharged,Automated Manual,8,All Wheel Drive,Gasoline (Premium Unleaded Required),0,Compact Cars,0,1,1,1,5,5,362,0,1,MERCEDES-BENZ | AMG CLA 35,1,1,1,0
Mercedes-Benz,Mercedes-Benz,AMG CLA 45 S 4MATIC,2.0,4,20,28,23,30.1006,22.8649,0,Turbocharged,Automated Manual,8,All Wheel Drive,Gasoline (Premium Unleaded Required),0,Compact Cars,0,1,1,1,5,5,389,0,0,MERCEDES-BENZ | AMG CLA 45 S,1,1,1,0
Mercedes-Benz,Mercedes-Benz,AMG GT 43 4MATIC+,3.0,6,19,24,21,27.6375,21.0744,0,Other,Automatic,9,All Wheel Drive,Gasoline (Premium Unleaded Required),0,Compact Cars,0,1,1,1,4,4,421,0,1,MERCEDES-BENZ | AMG GT 43 +,1,1,1,0
Mercedes-Benz,Mercedes-Benz,AMG GT 53 4MATIC+,3.0,6,19,24,21,27.6375,21.0744,0,Other,Automatic,9,All Wheel Drive,Gasoline (Premium Unleaded Required),0,Compact Cars,0,1,1,1,4,4,421,0,1,MERCEDES-BENZ | AMG GT 53 +,1,1,1,0
Mercedes-Benz,Mercedes-Benz,AMG GT 63 4MATIC+,4.0,8,15,21,17,22.4736,17.4196,0,Turbocharged,Automatic,9,All Wheel Drive,Gasoline (Premium Unleaded Required),0,Compact Cars,1,1,0,1,3,3,512,0,0,MERCEDES-BENZ | AMG GT 63 +,1,1,1,0
Mercedes-Benz,Mercedes-Benz,C 300,2.0,4,26,36,30,40.0692,29.5981,0,Turbocharged,Automatic,9,"2-Wheel Drive, Rear",Gasoline (Premium Unleaded Required),0,Compact Cars,0,1,1,1,6,6,301,0,1,MERCEDES-BENZ | C 300,1,0,1,0
Mercedes-Benz,Mercedes-Benz,C 300 4MATIC,2.0,4,23,33,27,35.9054,26.8395,0,Turbocharged,Automatic,9,All Wheel Drive,Gasoline (Premium Unleaded Required),0,Compact Cars,0,1,1,1,5,5,332,0,1,MERCEDES-BENZ | C 300,1,1,1,0
Mercedes-Benz,Mercedes-Benz,CLA 250,2.0,4,26,36,30,40.8016,30.074,0,Turbocharged,Automated Manual,8,"2-Wheel Drive, Front",Gasoline (Premium Unleaded Required),0,Compact Cars,0,1,1,1,6,6,296,0,1,MERCEDES-BENZ | CLA 250,1,0,1,0
Mercedes-Benz,Mercedes-Benz,CLA 250 4MATIC,2.0,4,25,35,28,38.3424,28.4596,0,Turbocharged,Automated Manual,8,All Wheel Drive,Gasoline (Premium Unleaded Required),0,Compact Cars,0,1,1,1,6,6,313,0,1,MERCEDES-BENZ | CLA 250,1,1,1,0
Mitsubishi Motors Co,Mitsubishi Motors Corporation,MIRAGE,1.2,3,36,43,39,54.8073,38.7712,0,Naturally Aspirated,Continuously Variable,1,"2-Wheel Drive, Front",Gasoline (Regular Unleaded Recommended),0,Compact Cars,0,1,0,0,7,7,227,0,0,MITSUBISHI MOTORS CORPORATION | MIRAGE,1,0,1,0
Mitsubishi Motors Co,Mitsubishi Motors Corporation,MIRAGE G4,1.2,3,35,41,37,52.6283,37.4378,0,Naturally Aspirated,Continuously Variable,1,"2-Wheel Drive, Front",Gasoline (Regular Unleaded Recommended),0,Compact Cars,0,1,0,0,7,7,236,0,0,MITSUBISHI MOTORS CORPORATION | MIRAGE G4,1,0,1,0
Nissan,NISSAN,VERSA,1.6,4,32,40,35,48.7097,35.0712,0,Naturally Aspirated,Continuously Variable,1,"2-Wheel Drive, Front",Gasoline (Regular Unleaded Recommended),0,Compact Cars,0,1,0,0,7,7,254,0,0,NISSAN | VERSA,1,0,1,0
Nissan,NISSAN,VERSA,1.6,4,27,35,30,42.0659,30.0,0,Naturally Aspirated,Manual,5,"2-Wheel Drive, Front",Gasoline (Regular Unleaded Recommended),0,Compact Cars,0,1,0,0,6,6,296,0,0,NISSAN | VERSA,0,0,1,0
Toyota,TOYOTA,COROLLA,2.0,4,31,40,34,47.3441,34.2193,0,Naturally Aspirated,Selectable Continuously Variable (e.g. CVT with paddles),10,"2-Wheel Drive, Front",Gasoline (Regular Unleaded Recommended),0,Compact Cars,0,1,0,0,7,7,258,0,0,TOYOTA | COROLLA,1,0,1,0
Toyota,TOYOTA,COROLLA,2.0,4,32,41,35,50.4521,35.0,0,Naturally Aspirated,Selectable Continuously Variable (e.g. CVT with paddles),10,"2-Wheel Drive, Front",Gasoline (Regular Unleaded Recommended),0,Compact Cars,0,1,0,0,7,7,254,0,0,TOYOTA | COROLLA,1,0,1,0
Toyota,TOYOTA,COROLLA HATCHBACK,2.0,4,32,41,35,49.7852,35.0,0,Naturally Aspirated,Selectable Continuously Variable (e.g. CVT with paddles),10,"2-Wheel Drive, Front",Gasoline (Regular Unleaded Recommended),0,Compact Cars,0,1,0,0,7,7,254,0,0,TOYOTA | COROLLA HATCHBACK,1,0,1,0
Toyota,TOYOTA,COROLLA HATCHBACK XSE,2.0,4,30,38,33,45.6858,33.1681,0,Naturally Aspirated,Selectable Continuously Variable (e.g. CVT with paddles),10,"2-Wheel Drive, Front",Gasoline (Regular Unleaded Recommended),0,Compact Cars,0,1,0,0,6,6,266,0,0,TOYOTA | COROLLA HATCHBACK XSE,1,0,1,0
Toyota,TOYOTA,COROLLA HYBRID,1.8,4,50,43,47,67.6695,47.0,0,Naturally Aspirated,Continuously Variable,1,"2-Wheel Drive, Front",Gasoline (Regular Unleaded Recommended),0,Compact Cars,0,1,0,1,8,8,186,1,0,TOYOTA | COROLLA HYBRID,1,0,1,0
Toyota,TOYOTA,COROLLA HYBRID,1.8,4,53,46,50,74.8151,50.0,0,Naturally Aspirated,Continuously Variable,1,"2-Wheel Drive, Front",Gasoline (Regular Unleaded Recommended),0,Compact Cars,0,1,0,1,8,8,176,1,0,TOYOTA | COROLLA HYBRID,1,0,1,0
Toyota,TOYOTA,COROLLA HYBRID AWD,1.8,4,47,41,44,63.3955,44.0,0,Naturally Aspirated,Continuously Variable,1,All Wheel Drive,Gasoline (Regular Unleaded Recommended),0,Compact Cars,0,1,0,1,8,8,199,1,0,TOYOTA | COROLLA HYBRID,1,1,1,0
Toyota,TOYOTA,COROLLA HYBRID AWD,1.8,4,51,44,48,70.1175,48.0,0,Naturally Aspirated,Continuously Variable,1,All Wheel Drive,Gasoline (Regular Unleaded Recommended),0,Compact Cars,0,1,0,1,8,8,183,1,0,TOYOTA | COROLLA HYBRID,1,1,1,0
Volkswagen Group of,Volkswagen,GLI,2.0,4,24,35,28,37.5529,27.9663,0,Turbocharged,Manual,6,"2-Wheel Drive, Front",Gasoline (Regular Unleaded Recommended),0,Compact Cars,0,1,1,0,6,6,319,0,0,VOLKSWAGEN | GLI,0,0,1,0
Volkswagen Group of,Volkswagen,Golf R,2.0,4,22,31,25,32.9964,25.4074,0,Turbocharged,Automated Manual- Selectable (e.g. Automated Manual with paddles),7,All Wheel Drive,Gasoline (Premium Unleaded Recommended),0,Compact Cars,0,1,1,1,5,5,349,0,0,VOLKSWAGEN | GOLF R,1,1,1,0
Volkswagen Group of,Volkswagen,Golf R,2.0,4,20,28,23,28.893,23.0353,0,Turbocharged,Manual,6,All Wheel Drive,Gasoline (Premium Unleaded Recommended),0,Compact Cars,0,1,1,0,5,5,382,0,0,VOLKSWAGEN | GOLF R,0,1,1,0
Volkswagen Group of,Volkswagen,GTI,2.0,4,24,33,27,36.1431,27.4067,0,Turbocharged,Automated Manual- Selectable (e.g. Automated Manual with paddles),7,"2-Wheel Drive, Front",Gasoline (Regular Unleaded Recommended),0,Compact Cars,0,1,1,1,5,5,323,0,0,VOLKSWAGEN | GTI,1,0,1,0
Volkswagen Group of,Volkswagen,GTI,2.0,4,23,34,27,34.6517,27.1152,0,Turbocharged,Manual,6,"2-Wheel Drive, Front",Gasoline (Regular Unleaded Recommended),0,Compact Cars,0,1,1,0,5,5,327,0,0,VOLKSWAGEN | GTI,0,0,1,0
Volkswagen Group of,Volkswagen,Jetta,1.5,4,30,41,34,46.644,33.8504,0,Turbocharged,Semi-Automatic,8,"2-Wheel Drive, Front",Gasoline (Regular Unleaded Recommended),0,Compact Cars,0,1,0,1,7,7,263,0,0,VOLKSWAGEN | JETTA,1,0,1,0
Volkswagen Group of,Volkswagen,Jetta,1.5,4,29,42,34,46.1308,33.5603,0,Turbocharged,Manual,6,"2-Wheel Drive, Front",Gasoline (Regular Unleaded Recommended),0,Compact Cars,0,1,0,0,7,7,265,0,0,VOLKSWAGEN | JETTA,0,0,1,0
Volkswagen Group of,Volkswagen,Jetta Sport/SE/SEL,1.5,4,29,40,33,45.0417,32.8381,0,Turbocharged,Semi-Automatic,8,"2-Wheel Drive, Front",Gasoline (Regular Unleaded Recommended),0,Compact Cars,0,1,0,1,6,6,272,0,0,VOLKSWAGEN | JETTA SPORT/SE/SEL,1,0,1,0
Volvo,"Volvo Cars of North America, LLC",S60 B5,2.0,4,26,35,30,40.4494,29.8207,0,Turbocharged,Semi-Automatic,8,"2-Wheel Drive, Front",Gasoline (Premium Unleaded Required),0,Compact Cars,0,1,0,1,6,6,297,0,1,"VOLVO CARS OF NORTH AMERICA, LLC | S60 B5",1,0,1,0
Volvo,"Volvo Cars of North America, LLC",S60 B5 AWD,2.0,4,25,33,28,37.7509,28.0317,0,Turbocharged,Semi-Automatic,8,All Wheel Drive,Gasoline (Premium Unleaded Required),0,Compact Cars,0,1,0,1,6,6,316,0,1,"VOLVO CARS OF NORTH AMERICA, LLC | S60 B5",1,1,1,0
FCA US LLC,ALFA ROMEO,Giulia,2.0,4,24,33,27,36.1059,26.9548,0,Turbocharged,Automatic,8,"2-Wheel Drive, Rear",Gasoline (Premium Unleaded Recommended),0,Midsize Cars,0,1,1,1,5,5,330,0,0,ALFA ROMEO | GIULIA,1,0,1,1
FCA US LLC,ALFA ROMEO,Giulia,2.9,6,17,25,20,26.4556,20.3144,0,Turbocharged,Automatic,8,"2-Wheel Drive, Rear",Gasoline (Premium Unleaded Recommended),0,Midsize Cars,1,1,0,1,4,4,436,0,0,ALFA ROMEO | GIULIA,1,0,1,1
FCA US LLC,ALFA ROMEO,Giulia AWD,2.0,4,23,31,26,34.035,25.5433,0,Turbocharged,Automatic,8,All Wheel Drive,Gasoline (Premium Unleaded Recommended),0,Midsize Cars,0,1,1,1,5,5,348,0,0,ALFA ROMEO | GIULIA,1,1,1,1
Volkswagen Group of,Audi,A5 Sportback quattro,2.0,4,26,35,30,38.4819,29.5426,0,Turbocharged,Automated Manual- Selectable (e.g. Automated Manual with paddles),7,All Wheel Drive,Gasoline (Premium Unleaded Recommended),0,Midsize Cars,0,1,1,1,6,6,300,0,1,AUDI | A5 SPORTBACK,1,1,1,1
Volkswagen Group of,Audi,A5 Sportback S line quattro,2.0,4,24,32,27,35.449,26.8191,0,Turbocharged,Automated Manual- Selectable (e.g. Automated Manual with paddles),7,All Wheel Drive,Gasoline (Premium Unleaded Recommended),0,Midsize Cars,0,1,1,1,5,5,330,0,1,AUDI | A5 SPORTBACK S LINE,1,1,1,1
Volkswagen Group of,Audi,A6 quattro,2.0,4,23,33,26,34.572,26.2802,0,Turbocharged,Automated Manual- Selectable (e.g. Automated Manual with paddles),7,All Wheel Drive,Gasoline (Premium Unleaded Recommended),0,Midsize Cars,0,1,1,1,5,5,337,0,1,AUDI | A6,1,1,1,1
Volkswagen Group of,Audi,A6 quattro,3.0,6,22,30,25,32.8554,24.7445,0,Turbocharged,Automated Manual- Selectable (e.g. Automated Manual with paddles),7,All Wheel Drive,Gasoline (Premium Unleaded Recommended),0,Midsize Cars,0,1,1,1,5,5,359,0,1,AUDI | A6,1,1,1,1
Volkswagen Group of,Audi,A7 quattro,3.0,6,22,30,25,32.8554,24.7445,0,Turbocharged,Automated Manual- Selectable (e.g. Automated Manual with paddles),7,All Wheel Drive,Gasoline (Premium Unleaded Recommended),0,Midsize Cars,0,1,1,1,5,5,359,0,1,AUDI | A7,1,1,1,1
Volkswagen Group of,Audi,RS 5 Sportback,2.9,6,18,25,20,26.0296,20.2121,0,Turbocharged,Semi-Automatic,8,All Wheel Drive,Gasoline (Premium Unleaded Recommended),0,Midsize Cars,0,1,1,0,4,4,438,0,0,AUDI | RS 5 SPORTBACK,1,1,1,1
Volkswagen Group of,Audi,RS 7,4.0,8,14,22,17,21.1994,16.6677,1,Turbocharged,Semi-Automatic,8,All Wheel Drive,Gasoline (Premium Unleaded Recommended),0,Midsize Cars,1,1,0,1,3,3,533,0,1,AUDI | RS 7,1,1,1,1
Volkswagen Group of,Audi,S5 Sportback,3.0,6,20,29,23,30.4369,23.1036,0,Turbocharged,Semi-Automatic,8,All Wheel Drive,Gasoline (Premium Unleaded Recommended),0,Midsize Cars,0,1,1,1,5,5,384,0,0,AUDI | S5 SPORTBACK,1,1,1,1
Volkswagen Group of,Audi,S6,2.9,6,19,26,22,28.4405,21.6926,0,Other,Semi-Automatic,8,All Wheel Drive,Gasoline (Premium Unleaded Recommended),0,Midsize Cars,0,1,1,1,5,5,410,0,1,AUDI | S6,1,1,1,1
Volkswagen Group of,Audi,S7,2.9,6,19,26,22,28.4405,21.6926,0,Other,Semi-Automatic,8,All Wheel Drive,Gasoline (Premium Unleaded Recommended),0,Midsize Cars,0,1,1,1,5,5,410,0,1,AUDI | S7,1,1,1,1
Volkswagen Group of,Bentley,Flying Spur,4.0,8,15,20,17,21.2589,16.5367,1,Turbocharged,Automated Manual- Selectable (e.g. Automated Manual with paddles),8,All Wheel Drive,Gasoline (Premium Unleaded Required),0,Midsize Cars,1,1,0,1,3,3,535,0,0,BENTLEY | FLYING SPUR,1,1,1,1
Volkswagen Group of,Bentley,Flying Spur,6.0,12,12,19,15,18.4883,14.5471,1,Turbocharged,Automated Manual- Selectable (e.g. Automated Manual with paddles),8,All Wheel Drive,Gasoline (Premium Unleaded Recommended),0,Midsize Cars,1,1,0,1,2,2,608,0,0,BENTLEY | FLYING SPUR,1,1,1,1
BMW,BMW,530i Sedan,2.0,4,27,35,30,40.6463,29.914,0,Turbocharged,Semi-Automatic,8,"2-Wheel Drive, Rear",Gasoline (Premium Unleaded Recommended),0,Midsize Cars,0,1,1,1,6,6,292,0,1,BMW | 530I SEDAN,1,0,1,1
BMW,BMW,530i xDrive Sedan,2.0,4,27,35,30,40.6252,29.8993,0,Turbocharged,Semi-Automatic,8,All Wheel Drive,Gasoline (Premium Unleaded Recommended),0,Midsize Cars,0,1,1,1,6,6,292,0,1,BMW | 530I SEDAN,1,1,1,1
BMW,BMW,540i xDrive Sedan,3.0,6,26,33,28,38.4325,28.4467,0,Turbocharged,Semi-Automatic,8,All Wheel Drive,Gasoline (Premium Unleaded Recommended),0,Midsize Cars,0,1,1,1,6,6,307,0,1,BMW | 540I SEDAN,1,1,1,1
BMW,BMW,840i Gran Coupe,3.0,6,21,29,24,31.2831,23.667,0,Turbocharged,Semi-Automatic,8,"2-Wheel Drive, Rear",Gasoline (Premium Unleaded Recommended),0,Midsize Cars,0,1,1,1,5,5,374,0,0,BMW | 840I GRAN COUPE,1,0,1,1
BMW,BMW,840i xDrive Gran Coupe,3.0,6,21,29,24,31.2631,23.6539,0,Turbocharged,Semi-Automatic,8,All Wheel Drive,Gasoline (Premium Unleaded Recommended),0,Midsize Cars,0,1,1,1,5,5,373,0,0,BMW | 840I GRAN COUPE,1,1,1,1
BMW,BMW,ALPINA B8 Gran Coupe,4.4,8,17,24,19,24.9997,19.2638,0,Turbocharged,Semi-Automatic,8,All Wheel Drive,Gasoline (Premium Unleaded Recommended),0,Midsize Cars,0,1,1,1,4,4,457,0,0,BMW | ALPINA B8 GRAN COUPE,1,1,1,1
BMW,BMW,M8 Competition Gran Coupe,4.4,8,15,22,17,22.0036,17.1142,1,Turbocharged,Semi-Automatic,8,All Wheel Drive,Gasoline (Premium Unleaded Required),0,Midsize Cars,0,1,1,1,3,3,517,0,0,BMW | M8 COMPETITION GRAN COUPE,1,1,1,1
BMW,BMW,M850i xDrive Gran Coupe,4.4,8,17,24,19,24.9997,19.2638,0,Turbocharged,Semi-Automatic,8,All Wheel Drive,Gasoline (Premium Unleaded Recommended),0,Midsize Cars,0,1,1,1,4,4,457,0,0,BMW | M850I GRAN COUPE,1,1,1,1
General Motors,Cadillac,CT5,2.0,4,23,33,27,35.5039,26.5788,0,Turbocharged,Semi-Automatic,10,"2-Wheel Drive, Rear",Gasoline (Premium Unleaded Required),0,Midsize Cars,1,1,1,1,5,5,333,0,0,CADILLAC | CT5,1,0,1,1
General Motors,Cadillac,CT5,3.0,6,19,27,22,28.6873,21.8797,0,Turbocharged,Semi-Automatic,10,"2-Wheel Drive, Rear",Gasoline (Premium Unleaded Required),0,Midsize Cars,1,1,0,1,5,5,406,0,0,CADILLAC | CT5,1,0,1,1
General Motors,Cadillac,CT5 AWD,2.0,4,22,30,25,32.9183,24.8011,0,Turbocharged,Semi-Automatic,10,All Wheel Drive,Gasoline (Premium Unleaded Required),0,Midsize Cars,1,1,1,1,5,5,358,0,0,CADILLAC | CT5,1,1,1,1
General Motors,Cadillac,CT5 AWD,3.0,6,18,26,21,27.7763,21.2295,0,Turbocharged,Semi-Automatic,10,All Wheel Drive,Gasoline (Premium Unleaded Required),0,Midsize Cars,1,1,0,1,4,4,419,0,0,CADILLAC | CT5,1,1,1,1
General Motors,Cadillac,CT5 V,3.0,6,18,27,21,28.6873,21.0,0,Turbocharged,Semi-Automatic,10,"2-Wheel Drive, Rear",Gasoline (Premium Unleaded Required),0,Midsize Cars,1,1,0,1,4,4,423,0,0,CADILLAC | CT5 V,1,0,1,1
General Motors,Cadillac,CT5 V,6.2,8,13,21,16,19.4278,15.8631,1,Supercharged,Semi-Automatic,10,"2-Wheel Drive, Rear",Gasoline (Premium Unleaded Required),0,Midsize Cars,1,1,0,0,3,3,558,0,0,CADILLAC | CT5 V,1,0,1,1
General Motors,Cadillac,CT5 V,6.2,8,13,21,15,18.8473,15.0,1,Supercharged,Manual,6,"2-Wheel Drive, Rear",Gasoline (Premium Unleaded Required),0,Midsize Cars,0,1,0,0,2,2,592,0,0,CADILLAC | CT5 V,0,0,1,1
General Motors,Cadillac,CT5 V AWD,3.0,6,18,26,21,27.7763,21.2295,0,Turbocharged,Semi-Automatic,10,All Wheel Drive,Gasoline (Premium Unleaded Required),0,Midsize Cars,1,1,0,1,4,4,419,0,0,CADILLAC | CT5 V,1,1,1,1
Honda,Honda,ACCORD SPORT/TOURING,2.0,4,46,41,44,63.3553,44.0,0,Naturally Aspirated,Continuously Variable,1,"2-Wheel Drive, Front",Gasoline (Regular Unleaded Recommended),0,Midsize Cars,0,1,0,1,8,8,201,1,0,HONDA | ACCORD SPORT/TOURING,1,0,1,1
Honda,Honda,CIVIC 4Dr,1.5,4,33,42,36,50.7109,36.3152,0,Turbocharged,Continuously Variable,1,"2-Wheel Drive, Front",Gasoline (Regular Unleaded Recommended),0,Midsize Cars,0,1,1,1,7,7,243,0,0,HONDA | CIVIC 4DR,1,0,1,1
Honda,Honda,CIVIC 4Dr,1.5,4,31,38,34,46.9173,33.9179,0,Turbocharged,Selectable Continuously Variable (e.g. CVT with paddles),7,"2-Wheel Drive, Front",Gasoline (Regular Unleaded Recommended),0,Midsize Cars,0,1,1,1,7,7,260,0,0,HONDA | CIVIC 4DR,1,0,1,1
Honda,Honda,CIVIC 4Dr,1.5,4,27,37,31,42.8155,31.3917,0,Turbocharged,Manual,6,"2-Wheel Drive, Front",Gasoline (Premium Unleaded Recommended),0,Midsize Cars,0,1,1,1,6,6,285,0,0,HONDA | CIVIC 4DR,0,0,1,1
Honda,Honda,CIVIC 4Dr,2.0,4,31,40,35,48.0399,34.6607,0,Naturally Aspirated,Continuously Variable,1,"2-Wheel Drive, Front",Gasoline (Regular Unleaded Recommended),0,Midsize Cars,0,1,1,1,7,7,254,0,0,HONDA | CIVIC 4DR,1,0,1,1
Honda,Honda,CIVIC 4Dr,2.0,4,30,37,33,45.6267,33.1021,0,Naturally Aspirated,Selectable Continuously Variable (e.g. CVT with paddles),7,"2-Wheel Drive, Front",Gasoline (Regular Unleaded Recommended),0,Midsize Cars,0,1,1,1,6,6,266,0,0,HONDA | CIVIC 4DR,1,0,1,1
Hyundai,HYUNDAI MOTOR COMPANY,Elantra,1.6,4,28,35,31,41.2065,30.8425,0,Turbocharged,Automated Manual- Selectable (e.g. Automated Manual with paddles),7,"2-Wheel Drive, Front",Gasoline (Regular Unleaded Recommended),0,Midsize Cars,0,1,0,0,6,6,288,0,0,HYUNDAI MOTOR COMPANY | ELANTRA,1,0,1,1
Hyundai,HYUNDAI MOTOR COMPANY,Elantra,2.0,4,32,41,36,48.8008,35.9189,0,Naturally Aspirated,Selectable Continuously Variable (e.g. CVT with paddles),1,"2-Wheel Drive, Front",Gasoline (Regular Unleaded Recommended),0,Midsize Cars,0,1,0,1,7,7,246,0,0,HYUNDAI MOTOR COMPANY | ELANTRA,1,0,1,1
Hyundai,HYUNDAI MOTOR COMPANY,Elantra,2.0,4,31,40,34,46.2526,34.4006,0,Naturally Aspirated,Selectable Continuously Variable (e.g. CVT with paddles),1,"2-Wheel Drive, Front",Gasoline (Regular Unleaded Recommended),0,Midsize Cars,0,1,0,0,7,7,257,0,0,HYUNDAI MOTOR COMPANY | ELANTRA,1,0,1,1
Hyundai,HYUNDAI MOTOR COMPANY,Elantra Hybrid,1.6,4,49,52,50,67.892,50.4802,0,Naturally Aspirated,Automated Manual- Selectable (e.g. Automated Manual with paddles),6,"2-Wheel Drive, Front",Gasoline (Regular Unleaded Recommended),0,Midsize Cars,0,1,0,1,8,8,177,1,0,HYUNDAI MOTOR COMPANY | ELANTRA HYBRID,1,0,1,1
Hyundai,HYUNDAI MOTOR COMPANY,Elantra Hybrid Blue,1.6,4,51,58,54,69.3315,53.6348,0,Naturally Aspirated,Automated Manual- Selectable (e.g. Automated Manual with paddles),6,"2-Wheel Drive, Front",Gasoline (Regular Unleaded Recommended),0,Midsize Cars,0,1,0,1,8,8,165,1,0,HYUNDAI MOTOR COMPANY | ELANTRA HYBRID BLUE,1,0,1,1
Hyundai,HYUNDAI MOTOR COMPANY,Elantra N,2.0,4,20,27,23,28.9862,22.6331,0,Turbocharged,Automated Manual- Selectable (e.g. Automated Manual with paddles),8,"2-Wheel Drive, Front",Gasoline (Premium Unleaded Recommended),0,Midsize Cars,0,1,0,0,5,5,392,0,0,HYUNDAI MOTOR COMPANY | ELANTRA N,1,0,1,1
Hyundai,HYUNDAI MOTOR COMPANY,Elantra N,2.0,4,21,29,24,31.3859,24.2429,0,Turbocharged,Manual,6,"2-Wheel Drive, Front",Gasoline (Premium Unleaded Recommended),0,Midsize Cars,0,1,0,0,5,5,366,0,0,HYUNDAI MOTOR COMPANY | ELANTRA N,0,0,1,1
Nissan,INFINITI,Q50,3.0,6,20,29,23,31.4083,23.0,0,Turbocharged,Semi-Automatic,7,"2-Wheel Drive, Rear",Gasoline (Premium Unleaded Required),0,Midsize Cars,0,1,0,0,5,5,388,0,0,INFINITI | Q50,1,0,1,1
Nissan,INFINITI,Q50 AWD,3.0,6,19,27,22,29.0438,22.1228,0,Turbocharged,Semi-Automatic,7,All Wheel Drive,Gasoline (Premium Unleaded Required),0,Midsize Cars,0,1,0,0,5,5,403,0,0,INFINITI | Q50,1,1,1,1
Nissan,INFINITI,Q50 AWD RED SPORT,3.0,6,19,26,22,28.9335,22.0133,0,Turbocharged,Semi-Automatic,7,All Wheel Drive,Gasoline (Premium Unleaded Required),0,Midsize Cars,0,1,0,0,5,5,411,0,0,INFINITI | Q50 RED SPORT,1,1,1,1
Nissan,INFINITI,Q50 RED SPORT,3.0,6,20,26,22,29.0584,22.1036,0,Turbocharged,Semi-Automatic,7,"2-Wheel Drive, Rear",Gasoline (Premium Unleaded Required),0,Midsize Cars,0,1,0,0,5,5,403,0,0,INFINITI | Q50 RED SPORT,1,0,1,1
Jaguar Land Rover L,Jaguar,XF P250,2.0,4,23,30,26,34.456,25.7865,0,Turbocharged,Semi-Automatic,8,"2-Wheel Drive, Rear",Gasoline (Premium Unleaded Recommended),0,Midsize Cars,0,1,1,1,5,5,346,0,0,JAGUAR | XF P250,1,0,1,1
Jaguar Land Rover L,Jaguar,XF P300 AWD,2.0,4,21,28,24,31.7976,24.0006,0,Turbocharged,Semi-Automatic,8,All Wheel Drive,Gasoline (Premium Unleaded Recommended),0,Midsize Cars,0,1,1,1,5,5,372,0,0,JAGUAR | XF P300,1,1,1,1
Kia,KIA,Forte,1.6,4,27,35,30,39.6673,30.3006,0,Turbocharged,Automated Manual- Selectable (e.g. Automated Manual with paddles),7,"2-Wheel Drive, Front",Gasoline (Regular Unleaded Recommended),0,Midsize Cars,0,1,0,0,6,6,296,0,0,KIA | FORTE,1,0,1,1
Kia,KIA,Forte,1.6,4,22,31,26,34.0534,25.5715,0,Turbocharged,Manual,6,"2-Wheel Drive, Front",Gasoline (Regular Unleaded Recommended),0,Midsize Cars,0,1,0,0,5,5,348,0,0,KIA | FORTE,0,0,1,1
Kia,KIA,Forte,2.0,4,28,39,32,44.3006,32.3388,0,Naturally Aspirated,Continuously Variable,1,"2-Wheel Drive, Front",Gasoline (Regular Unleaded Recommended),0,Midsize Cars,0,1,0,0,6,6,277,0,0,KIA | FORTE,1,0,1,1
Kia,KIA,Forte FE,2.0,4,30,41,34,47.4166,34.3242,0,Naturally Aspirated,Continuously Variable,1,"2-Wheel Drive, Front",Gasoline (Regular Unleaded Recommended),0,Midsize Cars,0,1,0,0,7,7,261,0,0,KIA | FORTE FE,1,0,1,1
Toyota,LEXUS,ES 250 AWD,2.5,4,25,34,28,38.4469,28.0,0,Naturally Aspirated,Semi-Automatic,8,All Wheel Drive,Gasoline (Regular Unleaded Recommended),0,Midsize Cars,0,1,0,0,6,6,315,0,0,LEXUS | ES 250,1,1,1,1
Toyota,LEXUS,ES 300h,2.5,4,43,44,44,59.9017,43.8453,0,Naturally Aspirated,Selectable Continuously Variable (e.g. CVT with paddles),6,"2-Wheel Drive, Front",Gasoline (Regular Unleaded Recommended),0,Midsize Cars,0,1,0,1,8,8,202,1,0,LEXUS | ES 300H,1,0,1,1
Toyota,LEXUS,ES 350,3.5,6,22,32,26,33.9008,25.5025,0,Naturally Aspirated,Semi-Automatic,8,"2-Wheel Drive, Front",Gasoline (Regular Unleaded Recommended),0,Midsize Cars,0,1,0,0,5,5,346,0,0,LEXUS | ES 350,1,0,1,1
Toyota,LEXUS,ES 350 F SPORT,3.5,6,22,31,25,33.2838,25.0685,0,Naturally Aspirated,Semi-Automatic,8,"2-Wheel Drive, Front",Gasoline (Regular Unleaded Recommended),0,Midsize Cars,0,1,0,0,5,5,352,0,0,LEXUS | ES 350 F SPORT,1,0,1,1
Toyota,LEXUS,LS 500,3.4,6,18,29,22,28.7659,21.9833,0,Turbocharged,Semi-Automatic,10,"2-Wheel Drive, Rear",Gasoline (Premium Unleaded Required),0,Midsize Cars,0,1,0,0,5,5,404,0,0,LEXUS | LS 500,1,0,1,1
Toyota,LEXUS,LS 500 AWD,3.4,6,17,27,21,27.5354,21.1178,0,Turbocharged,Semi-Automatic,10,All Wheel Drive,Gasoline (Premium Unleaded Required),0,Midsize Cars,0,1,0,0,4,4,432,0,0,LEXUS | LS 500,1,1,1,1
Toyota,LEXUS,LS 500h AWD,3.5,6,22,29,25,32.9228,24.8833,0,Naturally Aspirated,Selectable Continuously Variable (e.g. CVT with paddles),10,All Wheel Drive,Gasoline (Premium Unleaded Required),0,Midsize Cars,0,1,0,1,5,5,358,1,0,LEXUS | LS 500H,1,1,1,1
Maserati,MASERATI,Ghibli GT,3.0,6,18,25,20,26.3939,20.2593,0,Turbocharged,Automatic,8,"2-Wheel Drive, Rear",Gasoline (Premium Unleaded Required),0,Midsize Cars,0,1,0,1,4,4,436,0,0,MASERATI | GHIBLI GT,1,0,1,1
Maserati,MASERATI,Ghibli Modena AWD,3.0,6,17,25,20,24.8066,19.5895,0,Turbocharged,Automatic,8,All Wheel Drive,Gasoline (Premium Unleaded Required),0,Midsize Cars,0,1,0,1,4,4,457,0,0,MASERATI | GHIBLI MODENA,1,1,1,1
Maserati,MASERATI,Ghibli Modena RWD,3.0,6,18,25,20,26.3939,20.2593,0,Turbocharged,Automatic,8,"2-Wheel Drive, Rear",Gasoline (Premium Unleaded Required),0,Midsize Cars,0,1,0,1,4,4,436,0,0,MASERATI | GHIBLI MODENA,1,0,1,1
Maserati,MASERATI,Ghibli Trofeo,3.8,8,13,20,16,20.14,15.7483,1,Turbocharged,Automatic,8,"2-Wheel Drive, Rear",Gasoline (Premium Unleaded Required),0,Midsize Cars,0,1,0,1,3,3,560,0,0,MASERATI | GHIBLI TROFEO,1,0,1,1
MAZDA,MAZDA,MAZDA3 5-Door 2WD,2.5,4,27,35,30,40.9764,30.1357,0,Naturally Aspirated,Semi-Automatic,6,"2-Wheel Drive, Front",Gasoline (Regular Unleaded Recommended),0,Midsize Cars,1,1,0,0,6,6,294,0,0,MAZDA | MAZDA3 5-DOOR,1,0,1,1
MAZDA,MAZDA,MAZDA3 5-Door 2WD,2.5,4,26,36,30,40.7362,30.0338,0,Naturally Aspirated,Manual,6,"2-Wheel Drive, Front",Gasoline (Regular Unleaded Recommended),0,Midsize Cars,1,1,0,0,6,6,296,0,0,MAZDA | MAZDA3 5-DOOR,0,0,1,1
MAZDA,MAZDA,MAZDA3 5-Door 4WD,2.5,4,23,31,26,35.2941,26.3856,0,Turbocharged,Semi-Automatic,6,4-Wheel Drive,Gasoline (Regular Unleaded Recommended),0,Midsize Cars,0,1,0,0,5,5,337,0,0,MAZDA | MAZDA3 5-DOOR,1,1,1,1
MAZDA,MAZDA,MAZDA3 5-Door 4WD,2.5,4,26,33,29,38.5745,28.5352,0,Naturally Aspirated,Semi-Automatic,6,4-Wheel Drive,Gasoline (Regular Unleaded Recommended),0,Midsize Cars,1,1,0,0,6,6,311,0,0,MAZDA | MAZDA3 5-DOOR,1,1,1,1
Mercedes-Benz,Mercedes-Benz,E 350 4MATIC,2.0,4,24,33,27,36.5385,27.2489,0,Turbocharged,Automatic,9,All Wheel Drive,Gasoline (Premium Unleaded Required),0,Midsize Cars,0,1,1,1,5,5,327,0,1,MERCEDES-BENZ | E 350,1,1,1,1
Mercedes-Benz,Mercedes-Benz,E 450 4MATIC,3.0,6,22,31,25,33.2672,25.044,0,Turbocharged+Supercharged,Automatic,9,All Wheel Drive,Gasoline (Premium Unleaded Required),0,Midsize Cars,0,1,1,1,5,5,355,0,1,MERCEDES-BENZ | E 450,1,1,1,1
BMW,Mini,COOPER COUNTRYMAN,1.5,3,26,32,28,38.1715,28.2663,0,Turbocharged,Automated Manual- Selectable (e.g. Automated Manual with paddles),7,"2-Wheel Drive, Front",Gasoline (Premium Unleaded Recommended),0,Midsize Cars,0,1,1,1,6,6,312,0,0,MINI | COOPER COUNTRYMAN,1,0,1,1
BMW,Mini,COOPER COUNTRYMAN ALL4,1.5,3,23,31,26,34.9623,26.1588,0,Turbocharged,Semi-Automatic,8,All Wheel Drive,Gasoline (Premium Unleaded Recommended),0,Midsize Cars,0,1,1,1,5,5,337,0,0,MINI | COOPER COUNTRYMAN ALL4,1,1,1,1
BMW,Mini,COOPER S CLUBMAN,2.0,4,25,35,29,38.8361,28.7667,0,Turbocharged,Automated Manual- Selectable (e.g. Automated Manual with paddles),7,"2-Wheel Drive, Front",Gasoline (Premium Unleaded Recommended),0,Midsize Cars,0,1,1,1,6,6,307,0,0,MINI | COOPER S CLUBMAN,1,0,1,1
BMW,Mini,COOPER S CLUBMAN,2.0,4,22,32,25,33.6063,25.2959,0,Turbocharged,Manual,6,"2-Wheel Drive, Front",Gasoline (Premium Unleaded Recommended),0,Midsize Cars,0,1,1,1,5,5,348,0,0,MINI | COOPER S CLUBMAN,0,0,1,1
BMW,Mini,COOPER S CLUBMAN ALL4,2.0,4,23,32,27,35.4959,26.5427,0,Turbocharged,Semi-Automatic,8,All Wheel Drive,Gasoline (Premium Unleaded Recommended),0,Midsize Cars,0,1,1,1,5,5,332,0,0,MINI | COOPER S CLUBMAN ALL4,1,1,1,1
BMW,Mini,COOPER S COUNTRYMAN,2.0,4,24,33,28,36.9688,27.5119,0,Turbocharged,Automated Manual- Selectable (e.g. Automated Manual with paddles),7,"2-Wheel Drive, Front",Gasoline (Premium Unleaded Recommended),0,Midsize Cars,0,1,1,1,6,6,321,0,0,MINI | COOPER S COUNTRYMAN,1,0,1,1
BMW,Mini,COOPER S COUNTRYMAN ALL4,2.0,4,23,31,26,34.4707,25.846,0,Turbocharged,Semi-Automatic,8,All Wheel Drive,Gasoline (Premium Unleaded Recommended),0,Midsize Cars,0,1,1,1,5,5,341,0,0,MINI | COOPER S COUNTRYMAN ALL4,1,1,1,1
BMW,Mini,JCW COUNTRYMAN ALL4,2.0,4,24,30,26,34.9595,26.1323,0,Turbocharged,Semi-Automatic,8,All Wheel Drive,Gasoline (Premium Unleaded Recommended),0,Midsize Cars,0,1,1,1,5,5,338,0,0,MINI | JCW COUNTRYMAN ALL4,1,1,1,1
BMW,Mini,JOHN COOPER WORKS CLUBMAN ALL4,2.0,4,23,31,26,34.8717,26.0968,0,Turbocharged,Semi-Automatic,8,All Wheel Drive,Gasoline (Premium Unleaded Recommended),0,Midsize Cars,0,1,1,1,5,5,339,0,0,MINI | JOHN COOPER WORKS CLUBMAN ALL4,1,1,1,1
Nissan,NISSAN,ALTIMA,2.5,4,27,39,32,43.0633,31.5604,0,Naturally Aspirated,Continuously Variable,1,"2-Wheel Drive, Front",Gasoline (Regular Unleaded Recommended),0,Midsize Cars,0,1,0,0,6,6,282,0,0,NISSAN | ALTIMA,1,0,1,1
Nissan,NISSAN,ALTIMA AWD,2.5,4,26,36,30,40.2017,29.6684,0,Naturally Aspirated,Continuously Variable,1,All Wheel Drive,Gasoline (Regular Unleaded Recommended),0,Midsize Cars,0,1,0,0,6,6,300,0,0,NISSAN | ALTIMA,1,1,1,1
Nissan,NISSAN,ALTIMA SL/SR,2.5,4,27,37,31,42.2656,31.0255,0,Naturally Aspirated,Continuously Variable,1,"2-Wheel Drive, Front",Gasoline (Regular Unleaded Recommended),0,Midsize Cars,0,1,0,0,6,6,287,0,0,NISSAN | ALTIMA SL/SR,1,0,1,1
Nissan,NISSAN,ALTIMA SR,2.0,4,25,34,29,38.6215,28.6068,0,Turbocharged,Selectable Continuously Variable (e.g. CVT with paddles),8,"2-Wheel Drive, Front",Gasoline (Regular Unleaded Recommended),0,Midsize Cars,0,1,0,0,6,6,311,0,0,NISSAN | ALTIMA SR,1,0,1,1
Nissan,NISSAN,KICKS,1.6,4,31,36,33,45.6571,33.0638,0,Naturally Aspirated,Continuously Variable,1,"2-Wheel Drive, Front",Gasoline (Regular Unleaded Recommended),0,Midsize Cars,0,1,0,0,6,6,269,0,0,NISSAN | KICKS,1,0,1,1
Nissan,NISSAN,SENTRA,2.0,4,30,40,34,49.5839,34.0,0,Naturally Aspirated,Continuously Variable,1,"2-Wheel Drive, Front",Gasoline (Regular Unleaded Recommended),0,Midsize Cars,0,1,0,1,7,7,262,0,0,NISSAN | SENTRA,1,0,1,1
Nissan,NISSAN,SENTRA SR,2.0,4,30,38,33,47.7615,33.0,0,Naturally Aspirated,Continuously Variable,1,"2-Wheel Drive, Front",Gasoline (Regular Unleaded Recommended),0,Midsize Cars,0,1,0,1,6,6,270,0,0,NISSAN | SENTRA SR,1,0,1,1
Subaru,Subaru,LEGACY,2.4,4,23,31,26,35.0028,26.1937,0,Turbocharged,Selectable Continuously Variable (e.g. CVT with paddles),8,All Wheel Drive,Gasoline (Regular Unleaded Recommended),0,Midsize Cars,0,1,0,1,5,5,337,0,0,SUBARU | LEGACY,1,1,1,1
Subaru,Subaru,LEGACY,2.5,4,27,35,30,40.8038,30.0312,0,Naturally Aspirated,Selectable Continuously Variable (e.g. CVT with paddles),8,All Wheel Drive,Gasoline (Regular Unleaded Recommended),0,Midsize Cars,0,1,0,1,6,6,295,0,0,SUBARU | LEGACY,1,1,1,1
Subaru,Subaru,WRX,2.4,4,18,25,21,27.4313,20.9685,0,Turbocharged,Selectable Continuously Variable (e.g. CVT with paddles),8,All Wheel Drive,Gasoline (Premium Unleaded Recommended),0,Midsize Cars,0,1,0,0,4,4,422,0,0,SUBARU | WRX,1,1,1,1
Subaru,Subaru,WRX,2.4,4,19,26,22,28.5927,21.7913,0,Turbocharged,Manual,6,All Wheel Drive,Gasoline (Premium Unleaded Recommended),0,Midsize Cars,0,1,0,0,5,5,408,0,0,SUBARU | WRX,0,1,1,1
Toyota,TOYOTA,CAMRY,3.5,6,22,33,26,34.9101,26.1901,0,Naturally Aspirated,Semi-Automatic,8,"2-Wheel Drive, Front",Gasoline (Regular Unleaded Recommended),0,Midsize Cars,0,1,0,0,5,5,338,0,0,TOYOTA | CAMRY,1,0,1,1
Toyota,TOYOTA,CAMRY AWD LE/SE,2.5,4,25,34,29,38.5786,28.6026,0,Naturally Aspirated,Semi-Automatic,8,All Wheel Drive,Gasoline (Regular Unleaded Recommended),0,Midsize Cars,0,1,0,0,6,6,310,0,0,TOYOTA | CAMRY LE/SE,1,1,1,1
Toyota,TOYOTA,CAMRY AWD XLE/XSE,2.5,4,25,34,28,38.4469,28.0,0,Naturally Aspirated,Semi-Automatic,8,All Wheel Drive,Gasoline (Regular Unleaded Recommended),0,Midsize Cars,0,1,0,0,6,6,315,0,0,TOYOTA | CAMRY XLE/XSE,1,1,1,1
Toyota,TOYOTA,CAMRY HYBRID LE,2.5,4,51,53,52,71.7819,51.7504,0,Naturally Aspirated,Selectable Continuously Variable (e.g. CVT with paddles),6,"2-Wheel Drive, Front",Gasoline (Regular Unleaded Recommended),0,Midsize Cars,0,1,0,1,8,8,170,1,0,TOYOTA | CAMRY HYBRID LE,1,0,1,1
Toyota,TOYOTA,CAMRY HYBRID SE/XLE/XSE,2.5,4,44,47,46,62.9293,46.2351,0,Naturally Aspirated,Selectable Continuously Variable (e.g. CVT with paddles),6,"2-Wheel Drive, Front",Gasoline (Regular Unleaded Recommended),0,Midsize Cars,0,1,0,1,8,8,195,1,0,TOYOTA | CAMRY HYBRID SE/XLE/XSE,1,0,1,1
Toyota,TOYOTA,CAMRY LE/SE,2.5,4,28,39,32,43.3891,31.7619,0,Naturally Aspirated,Semi-Automatic,8,"2-Wheel Drive, Front",Gasoline (Regular Unleaded Recommended),0,Midsize Cars,0,1,0,0,6,6,280,0,0,TOYOTA | CAMRY LE/SE,1,0,1,1
Toyota,TOYOTA,CAMRY TRD,3.5,6,22,31,25,33.369,25.1187,0,Naturally Aspirated,Semi-Automatic,8,"2-Wheel Drive, Front",Gasoline (Regular Unleaded Recommended),0,Midsize Cars,0,1,0,0,5,5,354,0,0,TOYOTA | CAMRY TRD,1,0,1,1
Toyota,TOYOTA,CAMRY XLE/XSE,2.5,4,27,38,31,43.3891,31.0,0,Naturally Aspirated,Semi-Automatic,8,"2-Wheel Drive, Front",Gasoline (Regular Unleaded Recommended),0,Midsize Cars,0,1,0,0,6,6,286,0,0,TOYOTA | CAMRY XLE/XSE,1,0,1,1
Toyota,TOYOTA,CAMRY XSE,3.5,6,22,32,26,34.1058,25.6327,0,Naturally Aspirated,Semi-Automatic,8,"2-Wheel Drive, Front",Gasoline (Regular Unleaded Recommended),0,Midsize Cars,0,1,0,0,5,5,345,0,0,TOYOTA | CAMRY XSE,1,0,1,1
Toyota,TOYOTA,PRIUS,2.0,4,57,56,57,80.4727,57.0,0,Naturally Aspirated,Continuously Variable,1,"2-Wheel Drive, Front",Gasoline (Regular Unleaded Recommended),0,Midsize Cars,0,1,0,1,8,8,155,1,0,TOYOTA | PRIUS,1,0,1,1
Toyota,TOYOTA,PRIUS AWD,2.0,4,53,54,54,76.3796,54.0,0,Naturally Aspirated,Continuously Variable,1,Part-time 4-Wheel Drive,Gasoline (Regular Unleaded Recommended),0,Midsize Cars,0,1,0,1,8,8,163,1,0,TOYOTA | PRIUS,1,1,1,1
Toyota,TOYOTA,PRIUS AWD XLE/LTD,2.0,4,49,50,49,70.2248,49.0,0,Naturally Aspirated,Continuously Variable,1,Part-time 4-Wheel Drive,Gasoline (Regular Unleaded Recommended),0,Midsize Cars,0,1,0,1,8,8,179,1,0,TOYOTA | PRIUS XLE/LTD,1,1,1,1
Toyota,TOYOTA,PRIUS XLE/LTD,2.0,4,52,52,52,74.5542,52.0,0,Naturally Aspirated,Continuously Variable,1,"2-Wheel Drive, Front",Gasoline (Regular Unleaded Recommended),0,Midsize Cars,0,1,0,1,8,8,169,1,0,TOYOTA | PRIUS XLE/LTD,1,0,1,1
Toyota,TOYOTA,TOYOTA CROWN AWD,2.4,4,29,32,30,42.2905,30.0,0,Turbocharged,Selectable Continuously Variable (e.g. CVT with paddles),6,All Wheel Drive,Gasoline (Regular Unleaded Recommended),0,Midsize Cars,0,1,0,1,6,6,293,1,0,TOYOTA | TOYOTA CROWN,1,1,1,1
Toyota,TOYOTA,TOYOTA CROWN AWD,2.5,4,42,41,41,58.436,41.0,0,Naturally Aspirated,Continuously Variable,1,All Wheel Drive,Gasoline (Regular Unleaded Recommended),0,Midsize Cars,0,1,0,1,7,7,214,1,0,TOYOTA | TOYOTA CROWN,1,1,1,1
Volvo,"Volvo Cars of North America, LLC",S90 B6 AWD,2.0,4,22,31,25,33.8963,25.4687,0,Turbocharged+Supercharged,Semi-Automatic,8,All Wheel Drive,Gasoline (Premium Unleaded Required),0,Midsize Cars,0,1,0,1,5,5,347,0,1,"VOLVO CARS OF NORTH AMERICA, LLC | S90 B6",1,1,1,1
Honda,Acura,INTEGRA,1.5,4,30,37,33,45.1038,32.7758,0,Turbocharged,Selectable Continuously Variable (e.g. CVT with paddles),7,"2-Wheel Drive, Front",Gasoline (Premium Unleaded Recommended),0,Large Cars,0,1,1,1,6,6,269,0,0,ACURA | INTEGRA,1,0,1,1
Honda,Acura,INTEGRA,2.0,4,21,28,24,31.5697,23.848,0,Turbocharged,Manual,6,"2-Wheel Drive, Front",Gasoline (Premium Unleaded Recommended),0,Large Cars,0,1,1,0,5,5,371,0,0,ACURA | INTEGRA,0,0,1,1
Honda,Acura,INTEGRA A-SPEC,1.5,4,29,36,32,43.6203,31.8196,0,Turbocharged,Selectable Continuously Variable (e.g. CVT with paddles),7,"2-Wheel Drive, Front",Gasoline (Premium Unleaded Recommended),0,Large Cars,0,1,1,1,6,6,277,0,0,ACURA | INTEGRA A-SPEC,1,0,1,1
Honda,Acura,INTEGRA A-SPEC,1.5,4,26,36,30,41.7974,30.0,0,Turbocharged,Manual,6,"2-Wheel Drive, Front",Gasoline (Premium Unleaded Recommended),0,Large Cars,0,1,1,1,6,6,293,0,0,ACURA | INTEGRA A-SPEC,0,0,1,1
Volkswagen Group of,Audi,A8 quattro,3.0,6,19,28,22,28.6112,22.1115,0,Turbocharged,Semi-Automatic,8,All Wheel Drive,Gasoline (Premium Unleaded Recommended),0,Large Cars,0,1,1,1,5,5,400,0,1,AUDI | A8,1,1,1,1
Volkswagen Group of,Audi,S8,4.0,8,15,24,18,23.5599,17.6808,0,Turbocharged,Semi-Automatic,8,All Wheel Drive,Gasoline (Premium Unleaded Recommended),0,Large Cars,1,1,0,1,4,4,502,0,1,AUDI | S8,1,1,1,1
BMW,BMW,740i Sedan,3.0,6,25,31,28,37.2645,27.6581,0,Turbocharged,Semi-Automatic,8,"2-Wheel Drive, Rear",Gasoline (Premium Unleaded Recommended),0,Large Cars,0,1,1,1,6,6,317,0,1,BMW | 740I SEDAN,1,0,1,1
BMW,BMW,740i xDrive Sedan,3.0,6,24,31,27,36.102,26.889,0,Turbocharged,Semi-Automatic,8,All Wheel Drive,Gasoline (Premium Unleaded Recommended),0,Large Cars,0,1,1,1,5,5,326,0,1,BMW | 740I SEDAN,1,1,1,1
BMW,BMW,760i xDrive Sedan,4.4,8,18,25,20,26.6345,20.4343,0,Turbocharged,Semi-Automatic,8,All Wheel Drive,Gasoline (Premium Unleaded Recommended),0,Large Cars,0,1,1,1,4,4,427,0,1,BMW | 760I SEDAN,1,1,1,1
Hyundai,GENESIS,G80 AWD,2.5,4,22,30,25,32.941,24.8252,0,Turbocharged,Semi-Automatic,8,All Wheel Drive,Gasoline (Premium Unleaded Recommended),0,Large Cars,0,1,0,1,5,5,361,0,0,GENESIS | G80,1,1,1,1
Hyundai,GENESIS,G80 AWD,3.5,6,17,25,19,24.0002,19.4677,0,Turbocharged,Semi-Automatic,8,All Wheel Drive,Gasoline (Premium Unleaded Recommended),0,Large Cars,0,1,0,1,4,4,460,0,0,GENESIS | G80,1,1,1,1
Hyundai,GENESIS,G90 AWD,3.5,6,18,26,21,27.1727,20.8095,0,Turbocharged,Semi-Automatic,8,All Wheel Drive,Gasoline (Premium Unleaded Recommended),0,Large Cars,0,1,0,1,4,4,426,0,0,GENESIS | G90,1,1,1,1
Hyundai,GENESIS,G90 MHEV,3.5,6,17,24,20,26.9642,19.8977,0,Turbocharged+Supercharged,Semi-Automatic,8,All Wheel Drive,Gasoline (Premium Unleaded Recommended),0,Large Cars,0,1,0,1,4,4,441,0,1,GENESIS | G90 MHEV,1,1,1,1
Honda,Honda,ACCORD,1.5,4,29,37,32,45.1778,32.0,0,Turbocharged,Continuously Variable,1,"2-Wheel Drive, Front",Gasoline (Regular Unleaded Recommended),0,Large Cars,0,1,1,1,6,6,277,0,0,HONDA | ACCORD,1,0,1,1
Honda,Honda,ACCORD,2.0,4,51,44,48,69.8171,48.0,0,Naturally Aspirated,Continuously Variable,1,"2-Wheel Drive, Front",Gasoline (Regular Unleaded Recommended),0,Large Cars,0,1,0,1,8,8,184,1,0,HONDA | ACCORD,1,0,1,1
Honda,Honda,CIVIC 5Dr,1.5,4,31,39,35,48.1778,34.723,0,Turbocharged,Continuously Variable,1,"2-Wheel Drive, Front",Gasoline (Regular Unleaded Recommended),0,Large Cars,0,1,1,1,7,7,258,0,0,HONDA | CIVIC 5DR,1,0,1,1
Honda,Honda,CIVIC 5Dr,1.5,4,30,37,33,45.7074,33.1469,0,Turbocharged,Selectable Continuously Variable (e.g. CVT with paddles),7,"2-Wheel Drive, Front",Gasoline (Regular Unleaded Recommended),0,Large Cars,0,1,1,1,6,6,267,0,0,HONDA | CIVIC 5DR,1,0,1,1
Honda,Honda,CIVIC 5Dr,1.5,4,28,37,31,42.7531,31.3259,0,Turbocharged,Manual,6,"2-Wheel Drive, Front",Gasoline (Regular Unleaded Recommended),0,Large Cars,0,1,1,1,6,6,282,0,0,HONDA | CIVIC 5DR,0,0,1,1
Honda,Honda,CIVIC 5Dr,2.0,4,30,38,33,45.1413,32.8221,0,Naturally Aspirated,Continuously Variable,1,"2-Wheel Drive, Front",Gasoline (Regular Unleaded Recommended),0,Large Cars,0,1,1,1,6,6,269,0,0,HONDA | CIVIC 5DR,1,0,1,1
Honda,Honda,CIVIC 5Dr,2.0,4,29,37,32,43.6403,31.8538,0,Naturally Aspirated,Selectable Continuously Variable (e.g. CVT with paddles),7,"2-Wheel Drive, Front",Gasoline (Regular Unleaded Recommended),0,Large Cars,0,1,1,1,6,6,277,0,0,HONDA | CIVIC 5DR,1,0,1,1
Honda,Honda,CIVIC 5Dr,2.0,4,26,36,29,40.3297,29.0,0,Naturally Aspirated,Manual,6,"2-Wheel Drive, Front",Gasoline (Regular Unleaded Recommended),0,Large Cars,0,1,1,1,6,6,304,0,0,HONDA | CIVIC 5DR,0,0,1,1
Honda,Honda,CIVIC 5Dr,2.0,4,22,28,24,31.2608,24.334,0,Turbocharged,Manual,6,"2-Wheel Drive, Front",Gasoline (Premium Unleaded Recommended),0,Large Cars,0,1,1,0,5,5,364,0,0,HONDA | CIVIC 5DR,0,0,1,1
Hyundai,HYUNDAI MOTOR COMPANY,Sonata AWD,2.5,4,25,34,28,37.9508,28.1917,0,Naturally Aspirated,Semi-Automatic,8,All Wheel Drive,Gasoline (Regular Unleaded Recommended),0,Large Cars,0,1,0,0,6,6,316,0,0,HYUNDAI MOTOR COMPANY | SONATA,1,1,1,1
Hyundai,HYUNDAI MOTOR COMPANY,Sonata FWD,2.5,4,23,32,27,34.5523,26.6114,0,Turbocharged,Automated Manual- Selectable (e.g. Automated Manual with paddles),8,"2-Wheel Drive, Front",Gasoline (Regular Unleaded Recommended),0,Large Cars,0,1,0,0,5,5,333,0,0,HYUNDAI MOTOR COMPANY | SONATA,1,0,1,1
Hyundai,HYUNDAI MOTOR COMPANY,Sonata FWD,2.5,4,25,36,29,39.4945,29.2441,0,Naturally Aspirated,Semi-Automatic,8,"2-Wheel Drive, Front",Gasoline (Regular Unleaded Recommended),0,Large Cars,0,1,0,0,6,6,305,0,0,HYUNDAI MOTOR COMPANY | SONATA,1,0,1,1
Hyundai,HYUNDAI MOTOR COMPANY,Sonata Hybrid,2.0,4,44,51,47,60.6593,47.1862,0,Naturally Aspirated,Automated Manual- Selectable (e.g. Automated Manual with paddles),6,"2-Wheel Drive, Front",Gasoline (Regular Unleaded Recommended),0,Large Cars,0,1,0,1,8,8,188,1,0,HYUNDAI MOTOR COMPANY | SONATA HYBRID,1,0,1,1
Kia,KIA,K5,1.6,4,27,37,31,41.5413,30.558,0,Turbocharged,Semi-Automatic,8,"2-Wheel Drive, Front",Gasoline (Regular Unleaded Recommended),0,Large Cars,0,1,0,0,6,6,293,0,0,KIA | K5,1,0,1,1
Kia,KIA,K5,2.5,4,24,32,27,35.341,26.9286,0,Turbocharged,Automated Manual- Selectable (e.g. Automated Manual with paddles),8,"2-Wheel Drive, Front",Gasoline (Regular Unleaded Recommended),0,Large Cars,0,1,0,0,5,5,332,0,0,KIA | K5,1,0,1,1
Kia,KIA,K5 AWD,1.6,4,25,33,28,38.2326,28.3415,0,Turbocharged,Semi-Automatic,8,All Wheel Drive,Gasoline (Regular Unleaded Recommended),0,Large Cars,0,1,0,0,6,6,316,0,0,KIA | K5,1,1,1,1
Maserati,MASERATI,Quattroporte GT,3.0,6,16,25,19,24.7061,19.3758,0,Turbocharged,Automatic,8,"2-Wheel Drive, Rear",Gasoline (Premium Unleaded Required),0,Large Cars,0,1,0,1,4,4,453,0,0,MASERATI | QUATTROPORTE GT,1,0,1,1
Maserati,MASERATI,Quattroporte Modena AWD,3.0,6,17,25,20,24.8066,19.5895,0,Turbocharged,Automatic,8,All Wheel Drive,Gasoline (Premium Unleaded Required),0,Large Cars,0,1,0,1,4,4,457,0,0,MASERATI | QUATTROPORTE MODENA,1,1,1,1
Maserati,MASERATI,Quattroporte Modena RWD,3.0,6,16,25,19,24.7061,19.3758,0,Turbocharged,Automatic,8,"2-Wheel Drive, Rear",Gasoline (Premium Unleaded Required),0,Large Cars,0,1,0,1,4,4,453,0,0,MASERATI | QUATTROPORTE MODENA,1,0,1,1
Maserati,MASERATI,Quattroporte Trofeo,3.8,8,13,20,16,20.14,15.7483,1,Turbocharged,Automatic,8,"2-Wheel Drive, Rear",Gasoline (Premium Unleaded Required),0,Large Cars,0,1,0,1,3,3,560,0,0,MASERATI | QUATTROPORTE TROFEO,1,0,1,1
Mercedes-Benz,Mercedes-Benz,Maybach S 680 4Matic,6.0,12,12,20,15,18.5302,14.6072,1,Turbocharged,Automatic,9,All Wheel Drive,Gasoline (Premium Unleaded Required),0,Large Cars,0,1,0,1,2,2,610,0,0,MERCEDES-BENZ | MAYBACH S 680,1,1,1,1
Mercedes-Benz,Mercedes-Benz,S 500 4MATIC,3.0,6,21,31,24,32.3826,24.4605,0,Turbocharged+Supercharged,Automatic,9,All Wheel Drive,Gasoline (Premium Unleaded Required),0,Large Cars,0,1,1,1,5,5,364,0,1,MERCEDES-BENZ | S 500,1,1,1,1
Mercedes-Benz,Mercedes-Benz,S 580 4MATIC,4.0,8,18,27,21,27.8054,21.2898,0,Turbocharged,Automatic,9,All Wheel Drive,Gasoline (Premium Unleaded Required),0,Large Cars,0,1,0,1,4,4,418,0,1,MERCEDES-BENZ | S 580,1,1,1,1
Mercedes-Benz,Mercedes-Benz,S 580 4MATIC Maybach,4.0,8,18,26,21,27.1451,20.814,0,Turbocharged,Automatic,9,All Wheel Drive,Gasoline (Premium Unleaded Required),0,Large Cars,0,1,0,1,4,4,428,0,1,MERCEDES-BENZ | S 580 MAYBACH,1,1,1,1
Porsche,Porsche,Panamera 4,2.9,6,18,25,21,28.1942,21.0,0,Turbocharged,Automated Manual- Selectable (e.g. Automated Manual with paddles),8,All Wheel Drive,Gasoline (Premium Unleaded Required),0,Large Cars,0,1,1,1,4,4,425,0,0,PORSCHE | PANAMERA 4,1,1,1,1
Rolls-Royce,Rolls-Royce Motor Cars Limited,Ghost,6.7,12,12,19,14,17.9204,14.1265,1,Turbocharged,Semi-Automatic,8,All Wheel Drive,Gasoline (Premium Unleaded Recommended),0,Large Cars,0,1,0,0,2,2,624,0,0,ROLLS-ROYCE MOTOR CARS LIMITED | GHOST,1,1,1,1
Rolls-Royce,Rolls-Royce Motor Cars Limited,Ghost Black Badge,6.7,12,12,19,14,17.9204,14.1265,1,Turbocharged,Semi-Automatic,8,All Wheel Drive,Gasoline (Premium Unleaded Recommended),0,Large Cars,0,1,0,0,2,2,624,0,0,ROLLS-ROYCE MOTOR CARS LIMITED | GHOST BLACK BADGE,1,1,1,1
Rolls-Royce,Rolls-Royce Motor Cars Limited,Ghost Extended,6.7,12,12,19,14,17.9204,14.1265,1,Turbocharged,Semi-Automatic,8,All Wheel Drive,Gasoline (Premium Unleaded Recommended),0,Large Cars,0,1,0,0,2,2,624,0,0,ROLLS-ROYCE MOTOR CARS LIMITED | GHOST EXTENDED,1,1,1,1
Rolls-Royce,Rolls-Royce Motor Cars Limited,Phantom,6.7,12,12,18,14,17.5589,13.8498,1,Turbocharged,Semi-Automatic,8,"2-Wheel Drive, Rear",Gasoline (Premium Unleaded Recommended),0,Large Cars,0,1,0,0,2,2,639,0,0,ROLLS-ROYCE MOTOR CARS LIMITED | PHANTOM,1,0,1,1
Rolls-Royce,Rolls-Royce Motor Cars Limited,Phantom Extended,6.7,12,12,18,14,17.5589,13.8498,1,Turbocharged,Semi-Automatic,8,"2-Wheel Drive, Rear",Gasoline (Premium Unleaded Recommended),0,Large Cars,0,1,0,0,2,2,639,0,0,ROLLS-ROYCE MOTOR CARS LIMITED | PHANTOM EXTENDED,1,0,1,1
Volkswagen Group of,Volkswagen,Arteon 4Motion,2.0,4,22,30,25,32.6893,24.6258,0,Turbocharged,Automated Manual- Selectable (e.g. Automated Manual with paddles),7,All Wheel Drive,Gasoline (Premium Unleaded Recommended),0,Large Cars,0,1,1,1,5,5,361,0,0,VOLKSWAGEN | ARTEON 4MOTION,1,1,1,1
Volkswagen Group of,Audi,A4 allroad quattro,2.0,4,23,30,26,33.6474,25.6309,0,Turbocharged,Automated Manual- Selectable (e.g. Automated Manual with paddles),7,All Wheel Drive,Gasoline (Premium Unleaded Recommended),0,Small Station Wagons,0,1,1,1,5,5,346,0,1,AUDI | A4 ALLROAD,1,1,1,0
General Motors,Buick,ENVISTA,1.2,3,28,32,30,41.9261,30.0,0,Turbocharged,Automatic,6,"2-Wheel Drive, Front",Gasoline (Regular Unleaded Recommended),0,Small Station Wagons,0,1,0,1,6,6,296,0,0,BUICK | ENVISTA,1,0,1,0
General Motors,Chevrolet,TRAX,1.2,3,28,32,30,41.3892,29.801,0,Turbocharged,Automatic,6,"2-Wheel Drive, Front",Gasoline (Regular Unleaded Recommended),0,Small Station Wagons,0,1,0,1,6,6,298,0,0,CHEVROLET | TRAX,1,0,1,0
Honda,Honda,HR-V AWD,2.0,4,25,30,27,36.4866,27.1149,0,Naturally Aspirated,Continuously Variable,1,All Wheel Drive,Gasoline (Regular Unleaded Recommended),0,Small Station Wagons,0,1,1,0,5,5,326,0,0,HONDA | HR-V,1,1,1,0
Honda,Honda,HR-V FWD,2.0,4,26,32,28,38.5292,28.4769,0,Naturally Aspirated,Continuously Variable,1,"2-Wheel Drive, Front",Gasoline (Regular Unleaded Recommended),0,Small Station Wagons,0,1,1,0,6,6,309,0,0,HONDA | HR-V,1,0,1,0
Kia,KIA,Soul,2.0,4,27,33,30,40.5347,29.7982,0,Naturally Aspirated,Continuously Variable,1,"2-Wheel Drive, Front",Gasoline (Regular Unleaded Recommended),0,Small Station Wagons,0,1,0,1,6,6,302,0,0,KIA | SOUL,1,0,1,0
Kia,KIA,Soul Eco dynamics,2.0,4,29,35,31,42.9167,31.3493,0,Naturally Aspirated,Continuously Variable,1,"2-Wheel Drive, Front",Gasoline (Regular Unleaded Recommended),0,Small Station Wagons,0,1,0,1,6,6,287,0,0,KIA | SOUL ECO DYNAMICS,1,0,1,0
Volkswagen Group of,Lamborghini,Urus Performante,4.0,8,14,19,16,20.4428,15.9335,1,Turbocharged,Semi-Automatic,8,All Wheel Drive,Gasoline (Premium Unleaded Recommended),0,Small Station Wagons,1,1,0,1,3,3,554,0,0,LAMBORGHINI | URUS PERFORMANTE,1,1,1,0
Mercedes-Benz,Mercedes-Benz,AMG GLA 35 4MATIC,2.0,4,22,28,24,31.8841,24.0395,0,Turbocharged,Automated Manual,8,All Wheel Drive,Gasoline (Premium Unleaded Required),0,Small Station Wagons,0,1,1,1,5,5,370,0,1,MERCEDES-BENZ | AMG GLA 35,1,1,1,0
Subaru,Subaru,IMPREZA,2.0,4,27,34,30,40.2919,29.6705,0,Naturally Aspirated,Selectable Continuously Variable (e.g. CVT with paddles),8,All Wheel Drive,Gasoline (Regular Unleaded Recommended),0,Small Station Wagons,0,1,0,1,6,6,297,0,0,SUBARU | IMPREZA,1,1,1,0
Subaru,Subaru,IMPREZA,2.5,4,26,33,29,39.0466,28.8479,0,Naturally Aspirated,Selectable Continuously Variable (e.g. CVT with paddles),8,All Wheel Drive,Gasoline (Regular Unleaded Recommended),0,Small Station Wagons,0,1,0,1,6,6,306,0,0,SUBARU | IMPREZA,1,1,1,0
Volvo,"Volvo Cars of North America, LLC",V60CC B5 AWD,2.0,4,24,31,27,35.5,26.5127,0,Turbocharged,Semi-Automatic,8,All Wheel Drive,Gasoline (Premium Unleaded Required),0,Small Station Wagons,0,1,0,1,5,5,334,0,1,"VOLVO CARS OF NORTH AMERICA, LLC | V60CC B5",1,1,1,0
Volkswagen Group of,Audi,A6 allroad quattro,3.0,6,22,30,25,32.8554,24.7445,0,Turbocharged,Automated Manual- Selectable (e.g. Automated Manual with paddles),7,All Wheel Drive,Gasoline (Premium Unleaded Recommended),0,Midsize Station Wagons,0,1,1,1,5,5,359,0,1,AUDI | A6 ALLROAD,1,1,1,1
Volkswagen Group of,Audi,RS 6 Avant,4.0,8,14,22,17,21.1994,16.6677,1,Turbocharged,Semi-Automatic,8,All Wheel Drive,Gasoline (Premium Unleaded Recommended),0,Midsize Station Wagons,1,1,0,1,3,3,533,0,1,AUDI | RS 6 AVANT,1,1,1,1
Mercedes-Benz,Mercedes-Benz,AMG GLB 35 4MATIC,2.0,4,21,26,23,30.1333,22.83,0,Turbocharged,Automated Manual,8,All Wheel Drive,Gasoline (Premium Unleaded Required),0,Midsize Station Wagons,0,1,1,1,5,5,390,0,1,MERCEDES-BENZ | AMG GLB 35,1,1,1,1
Mercedes-Benz,Mercedes-Benz,E 450 4MATIC AT (station wagon),3.0,6,22,31,25,33.6876,25.322,0,Turbocharged+Supercharged,Automatic,9,All Wheel Drive,Gasoline (Premium Unleaded Required),0,Midsize Station Wagons,0,1,1,1,5,5,351,0,1,MERCEDES-BENZ | E 450 AT (STATION WAGON),1,1,1,1
Nissan,NISSAN,MURANO AWD,3.5,6,20,28,23,29.7909,22.6512,0,Naturally Aspirated,Selectable Continuously Variable (e.g. CVT with paddles),7,All Wheel Drive,Gasoline (Regular Unleaded Recommended),0,Midsize Station Wagons,0,1,0,0,5,5,393,0,0,NISSAN | MURANO,1,1,1,1
Nissan,NISSAN,MURANO FWD,3.5,6,20,28,23,31.1274,23.0,0,Naturally Aspirated,Selectable Continuously Variable (e.g. CVT with paddles),7,"2-Wheel Drive, Front",Gasoline (Regular Unleaded Recommended),0,Midsize Station Wagons,0,1,0,0,5,5,388,0,0,NISSAN | MURANO,1,0,1,1
Rolls-Royce,Rolls-Royce Motor Cars Limited,Cullinan,6.7,12,12,19,14,17.8963,14.1179,1,Turbocharged,Semi-Automatic,8,All Wheel Drive,Gasoline (Premium Unleaded Recommended),0,Midsize Station Wagons,0,1,0,0,2,2,627,0,0,ROLLS-ROYCE MOTOR CARS LIMITED | CULLINAN,1,1,1,1
Rolls-Royce,Rolls-Royce Motor Cars Limited,Cullinan Black Badge,6.7,12,12,19,14,17.8963,14.1179,1,Turbocharged,Semi-Automatic,8,All Wheel Drive,Gasoline (Premium Unleaded Recommended),0,Midsize Station Wagons,0,1,0,0,2,2,627,0,0,ROLLS-ROYCE MOTOR CARS LIMITED | CULLINAN BLACK BADGE,1,1,1,1
Volvo,"Volvo Cars of North America, LLC",V90CC B6 AWD,2.0,4,22,29,25,32.8298,24.7056,0,Turbocharged+Supercharged,Semi-Automatic,8,All Wheel Drive,Gasoline (Premium Unleaded Required),0,Midsize Station Wagons,0,1,0,1,5,5,358,0,1,"VOLVO CARS OF NORTH AMERICA, LLC | V90CC B6",1,1,1,1
General Motors,Chevrolet,COLORADO 2WD,2.7,4,20,24,22,29.1219,21.5027,0,Turbocharged,Automatic,8,"2-Wheel Drive, Rear",Gasoline (Regular Unleaded Recommended),1,Small Pick-up Trucks 2WD,1,1,1,1,5,5,412,0,0,CHEVROLET | COLORADO,1,0,1,1
General Motors,Chevrolet,COLORADO 2WD,2.7,4,19,24,21,28.5578,21.131,0,Turbocharged,Automatic,8,"2-Wheel Drive, Rear",Gasoline (Regular Unleaded Recommended),1,Small Pick-up Trucks 2WD,1,1,1,1,4,4,420,0,0,CHEVROLET | COLORADO,1,0,1,1
Ford Motor Company,Ford,MAVERICK FWD,2.0,4,23,30,26,34.6017,25.9354,0,Turbocharged,Automatic,8,"2-Wheel Drive, Front",Gasoline (Regular Unleaded Recommended),1,Small Pick-up Trucks 2WD,0,1,0,1,5,5,342,0,0,FORD | MAVERICK,1,0,1,1
Ford Motor Company,Ford,MAVERICK HEV FWD,2.5,4,42,33,37,54.7685,37.3452,0,Naturally Aspirated,Continuously Variable,1,"2-Wheel Drive, Front",Gasoline (Regular Unleaded Recommended),1,Small Pick-up Trucks 2WD,0,1,0,1,7,7,237,1,0,FORD | MAVERICK HEV,1,0,1,1
General Motors,GMC,CANYON 2WD,2.7,4,19,23,20,28.5578,20.0,0,Turbocharged,Automatic,8,"2-Wheel Drive, Rear",Gasoline (Regular Unleaded Recommended),1,Small Pick-up Trucks 2WD,1,1,1,1,4,4,443,0,0,GMC | CANYON,1,0,1,1
Toyota,TOYOTA,TACOMA 2WD,2.4,4,20,26,23,29.8533,22.6275,0,Turbocharged,Semi-Automatic,8,"2-Wheel Drive, Rear",Gasoline (Regular Unleaded Recommended),1,Small Pick-up Trucks 2WD,0,1,0,0,5,5,394,0,0,TOYOTA | TACOMA,1,0,1,1
Toyota,TOYOTA,TACOMA SR5/SPORT/PRERUNNER 2WD,2.4,4,21,26,23,29.9192,22.6597,0,Turbocharged,Semi-Automatic,8,"2-Wheel Drive, Rear",Gasoline (Regular Unleaded Recommended),1,Small Pick-up Trucks 2WD,0,1,0,1,5,5,393,0,0,TOYOTA | TACOMA SR5/SPORT/PRERUNNER,1,0,1,1
Toyota,TOYOTA,TACOMA SR5/SPORT/PRERUNNER 2WD,2.4,4,20,24,22,28.9735,21.9782,0,Turbocharged,Semi-Automatic,8,"2-Wheel Drive, Rear",Gasoline (Regular Unleaded Recommended),1,Small Pick-up Trucks 2WD,0,1,0,1,5,5,405,0,0,TOYOTA | TACOMA SR5/SPORT/PRERUNNER,1,0,1,1
General Motors,Chevrolet,COLORADO 4WD,2.7,4,18,22,20,27.8785,19.8607,0,Turbocharged,Automatic,8,4-Wheel Drive,Gasoline (Regular Unleaded Recommended),1,Small Pick-up Trucks 4WD,1,1,1,1,4,4,447,0,0,CHEVROLET | COLORADO,1,1,1,1
General Motors,Chevrolet,COLORADO 4WD,2.7,4,18,23,20,26.955,19.9149,0,Turbocharged,Automatic,8,4-Wheel Drive,Gasoline (Regular Unleaded Recommended),1,Small Pick-up Trucks 4WD,1,1,1,1,4,4,446,0,0,CHEVROLET | COLORADO,1,1,1,1
General Motors,Chevrolet,COLORADO 4WD MUD TERRAIN TIRES,2.7,4,17,20,18,25.2761,17.9756,0,Turbocharged,Automatic,8,4-Wheel Drive,Gasoline (Regular Unleaded Recommended),1,Small Pick-up Trucks 4WD,1,1,1,1,4,4,494,0,0,CHEVROLET | COLORADO MUD TERRAIN TIRES,1,1,1,1
General Motors,Chevrolet,COLORADO ZR2 4WD,2.7,4,17,17,17,23.6869,17.3236,0,Turbocharged,Automatic,8,4-Wheel Drive,Gasoline (Regular Unleaded Recommended),1,Small Pick-up Trucks 4WD,1,1,1,1,3,3,527,0,0,CHEVROLET | COLORADO ZR2,1,1,1,1
General Motors,Chevrolet,COLORADO ZR2 BISON 4WD,2.7,4,16,16,16,22.2816,15.7342,0,Turbocharged,Automatic,8,4-Wheel Drive,Gasoline (Regular Unleaded Recommended),1,Small Pick-up Trucks 4WD,1,1,1,1,3,3,564,0,0,CHEVROLET | COLORADO ZR2 BISON,1,1,1,1
Ford Motor Company,Ford,MAVERICK AWD,2.0,4,22,29,25,32.9205,24.7869,0,Turbocharged,Automatic,8,All Wheel Drive,Gasoline (Regular Unleaded Recommended),1,Small Pick-up Trucks 4WD,0,1,0,1,5,5,356,0,0,FORD | MAVERICK,1,1,1,1
Ford Motor Company,Ford,MAVERICK TREMOR AWD,2.0,4,20,24,21,28.9404,21.3908,0,Turbocharged,Automatic,8,All Wheel Drive,Gasoline (Regular Unleaded Recommended),1,Small Pick-up Trucks 4WD,0,1,0,1,4,4,414,0,0,FORD | MAVERICK TREMOR,1,1,1,1
General Motors,GMC,CANYON 4WD,2.7,4,18,22,19,26.955,19.0,0,Turbocharged,Automatic,8,4-Wheel Drive,Gasoline (Regular Unleaded Recommended),1,Small Pick-up Trucks 4WD,1,1,1,1,4,4,468,0,0,GMC | CANYON,1,1,1,1
General Motors,GMC,CANYON 4WD MUD TERRAIN TIRES,2.7,4,17,20,18,25.2761,17.9756,0,Turbocharged,Automatic,8,4-Wheel Drive,Gasoline (Regular Unleaded Recommended),1,Small Pick-up Trucks 4WD,1,1,1,1,4,4,494,0,0,GMC | CANYON MUD TERRAIN TIRES,1,1,1,1
General Motors,GMC,CANYON AT4X 4WD,2.7,4,17,17,17,23.6869,17.3236,0,Turbocharged,Automatic,8,4-Wheel Drive,Gasoline (Regular Unleaded Recommended),1,Small Pick-up Trucks 4WD,1,1,1,1,3,3,527,0,0,GMC | CANYON AT4X,1,1,1,1
General Motors,GMC,CANYON AT4X AEV 4WD,2.7,4,16,16,16,22.2816,15.7342,0,Turbocharged,Automatic,8,4-Wheel Drive,Gasoline (Regular Unleaded Recommended),1,Small Pick-up Trucks 4WD,1,1,1,1,3,3,564,0,0,GMC | CANYON AT4X AEV,1,1,1,1
Toyota,TOYOTA,TACOMA 4WD,2.4,4,19,24,21,27.5318,21.0149,0,Turbocharged,Semi-Automatic,8,Part-time 4-Wheel Drive,Gasoline (Regular Unleaded Recommended),1,Small Pick-up Trucks 4WD,0,1,0,0,4,4,424,0,0,TOYOTA | TACOMA,1,1,1,1
Toyota,TOYOTA,TACOMA 4WD MT,2.4,4,18,23,20,25.7042,19.7111,0,Turbocharged,Manual,6,Part-time 4-Wheel Drive,Gasoline (Regular Unleaded Recommended),1,Small Pick-up Trucks 4WD,0,1,0,0,4,4,452,0,0,TOYOTA | TACOMA MT,0,1,1,1
Toyota,TOYOTA,TACOMA SR5/SPORT/OFFROAD/LIMITED 4WD,2.4,4,19,24,21,27.5283,21.0122,0,Turbocharged,Semi-Automatic,8,Part-time 4-Wheel Drive,Gasoline (Regular Unleaded Recommended),1,Small Pick-up Trucks 4WD,0,1,0,0,4,4,424,0,0,TOYOTA | TACOMA SR5/SPORT/OFFROAD/LIMITED,1,1,1,1
Toyota,TOYOTA,TACOMA SR5/SPORT/OFFROAD/LIMITED 4WD,2.4,4,20,23,21,27.8649,21.1876,0,Turbocharged,Semi-Automatic,8,Part-time 4-Wheel Drive,Gasoline (Regular Unleaded Recommended),1,Small Pick-up Trucks 4WD,0,1,0,1,4,4,420,0,0,TOYOTA | TACOMA SR5/SPORT/OFFROAD/LIMITED,1,1,1,1
Toyota,TOYOTA,TACOMA SR5/SPORT/OFFROAD/LIMITED 4WD,2.4,4,19,23,21,26.9869,20.5926,0,Turbocharged,Semi-Automatic,8,Part-time 4-Wheel Drive,Gasoline (Regular Unleaded Recommended),1,Small Pick-up Trucks 4WD,0,1,0,0,4,4,433,0,0,TOYOTA | TACOMA SR5/SPORT/OFFROAD/LIMITED,1,1,1,1
General Motors,Chevrolet,SILVERADO 2WD,2.7,4,17,21,19,26.4258,18.8866,0,Turbocharged,Automatic,8,"2-Wheel Drive, Rear",Gasoline (Regular Unleaded Recommended),1,Standard Pick-up Trucks 2WD,1,1,1,1,4,4,470,0,0,CHEVROLET | SILVERADO,1,0,1,1
General Motors,Chevrolet,SILVERADO 2WD,2.7,4,18,22,20,27.386,19.6085,0,Turbocharged,Automatic,8,"2-Wheel Drive, Rear",Gasoline (Regular Unleaded Recommended),1,Standard Pick-up Trucks 2WD,1,1,1,1,4,4,453,0,0,CHEVROLET | SILVERADO,1,0,1,1
General Motors,Chevrolet,SILVERADO 2WD,3.0,6,23,29,26,35.2386,25.6314,0,Turbocharged,Automatic,10,"2-Wheel Drive, Rear","Diesel, ultra low sulfur (15 ppm, maximum)",1,Standard Pick-up Trucks 2WD,0,0,0,1,5,5,397,0,0,CHEVROLET | SILVERADO,1,0,0,1
General Motors,Chevrolet,SILVERADO 2WD,5.3,8,16,22,18,24.3409,18.1025,0,Naturally Aspirated,Automatic,10,"2-Wheel Drive, Rear",Gasoline (Regular Unleaded Recommended),1,Standard Pick-up Trucks 2WD,1,1,0,1,4,4,489,0,0,CHEVROLET | SILVERADO,1,0,1,1
General Motors,Chevrolet,SILVERADO 2WD,5.3,8,15,19,16,21.8335,16.2621,0,Naturally Aspirated,Automatic,10,"2-Wheel Drive, Rear",Gasoline (Regular Unleaded Recommended),1,Standard Pick-up Trucks 2WD,1,1,0,0,3,3,546,0,0,CHEVROLET | SILVERADO,1,0,1,1
General Motors,Chevrolet,SILVERADO 2WD,5.3,8,16,21,18,24.7599,18.0741,0,Naturally Aspirated,Automatic,10,"2-Wheel Drive, Rear",Gasoline (Regular Unleaded Recommended),1,Standard Pick-up Trucks 2WD,1,1,0,1,4,4,490,0,0,CHEVROLET | SILVERADO,1,0,1,1
General Motors,Chevrolet,SILVERADO 2WD,5.3,8,16,20,18,24.5332,17.9564,0,Naturally Aspirated,Automatic,10,"2-Wheel Drive, Rear",Gasoline (Regular Unleaded Recommended),1,Standard Pick-up Trucks 2WD,1,1,0,0,4,4,496,0,0,CHEVROLET | SILVERADO,1,0,1,1
Ford Motor Company,Ford,F150 PICKUP 2WD,2.7,6,19,25,21,27.3537,20.9087,0,Turbocharged,Semi-Automatic,10,"2-Wheel Drive, Rear",Gasoline (Regular Unleaded Recommended),1,Standard Pick-up Trucks 2WD,0,1,0,1,4,4,425,0,0,FORD | F150 PICKUP,1,0,1,1
Ford Motor Company,Ford,F150 PICKUP 2WD,3.5,6,17,25,20,25.3246,19.5288,0,Turbocharged,Semi-Automatic,10,"2-Wheel Drive, Rear",Gasoline (Regular Unleaded Recommended),1,Standard Pick-up Trucks 2WD,0,1,0,1,4,4,455,0,0,FORD | F150 PICKUP,1,0,1,1
Ford Motor Company,Ford,F150 PICKUP 2WD,5.0,8,16,24,19,24.5308,18.9525,0,Naturally Aspirated,Semi-Automatic,10,"2-Wheel Drive, Rear",Gasoline (Regular Unleaded Recommended),1,Standard Pick-up Trucks 2WD,1,1,0,1,4,4,468,0,0,FORD | F150 PICKUP,1,0,1,1
Ford Motor Company,Ford,RANGER 2WD,2.3,4,21,25,22,30.5991,22.0,0,Turbocharged,Semi-Automatic,10,"2-Wheel Drive, Rear",Gasoline (Regular Unleaded Recommended),1,Standard Pick-up Trucks 2WD,0,1,0,1,5,5,402,0,0,FORD | RANGER,1,0,1,1
General Motors,GMC,SIERRA 2WD,2.7,4,17,21,19,26.4258,18.8866,0,Turbocharged,Automatic,8,"2-Wheel Drive, Rear",Gasoline (Regular Unleaded Recommended),1,Standard Pick-up Trucks 2WD,1,1,1,1,4,4,470,0,0,GMC | SIERRA,1,0,1,1
General Motors,GMC,SIERRA 2WD,2.7,4,18,22,20,27.4813,19.7287,0,Turbocharged,Automatic,8,"2-Wheel Drive, Rear",Gasoline (Regular Unleaded Recommended),1,Standard Pick-up Trucks 2WD,1,1,1,1,4,4,450,0,0,GMC | SIERRA,1,0,1,1
General Motors,GMC,SIERRA 2WD,3.0,6,23,29,25,35.0329,25.4865,0,Turbocharged,Automatic,10,"2-Wheel Drive, Rear","Diesel, ultra low sulfur (15 ppm, maximum)",1,Standard Pick-up Trucks 2WD,0,0,0,1,5,5,399,0,0,GMC | SIERRA,1,0,0,1
General Motors,GMC,SIERRA 2WD,5.3,8,16,21,18,24.3409,18.1025,0,Naturally Aspirated,Automatic,10,"2-Wheel Drive, Rear",Gasoline (Regular Unleaded Recommended),1,Standard Pick-up Trucks 2WD,1,1,0,1,4,4,495,0,0,GMC | SIERRA,1,0,1,1
General Motors,GMC,SIERRA 2WD,5.3,8,15,19,16,21.8335,16.2621,0,Naturally Aspirated,Automatic,10,"2-Wheel Drive, Rear",Gasoline (Regular Unleaded Recommended),1,Standard Pick-up Trucks 2WD,1,1,0,0,3,3,546,0,0,GMC | SIERRA,1,0,1,1
General Motors,GMC,SIERRA 2WD,5.3,8,16,20,18,24.1099,17.5737,0,Naturally Aspirated,Automatic,10,"2-Wheel Drive, Rear",Gasoline (Regular Unleaded Recommended),1,Standard Pick-up Trucks 2WD,1,1,0,1,4,4,506,0,0,GMC | SIERRA,1,0,1,1
General Motors,GMC,SIERRA 2WD,5.3,8,16,20,18,24.5332,17.9564,0,Naturally Aspirated,Automatic,10,"2-Wheel Drive, Rear",Gasoline (Regular Unleaded Recommended),1,Standard Pick-up Trucks 2WD,1,1,0,0,4,4,496,0,0,GMC | SIERRA,1,0,1,1
Nissan,NISSAN,FRONTIER 2WD,3.8,6,18,24,21,27.6989,21.1403,0,Naturally Aspirated,Semi-Automatic,9,"2-Wheel Drive, Rear",Gasoline (Regular Unleaded Recommended),1,Standard Pick-up Trucks 2WD,0,1,0,1,4,4,437,0,0,NISSAN | FRONTIER,1,0,1,1
Nissan,NISSAN,TITAN 2WD,5.6,8,15,21,17,22.5814,17.4976,0,Naturally Aspirated,Semi-Automatic,9,"2-Wheel Drive, Rear",Gasoline (Premium Unleaded Recommended),1,Standard Pick-up Trucks 2WD,0,1,1,0,3,3,510,0,0,NISSAN | TITAN,1,0,1,1
FCA US LLC,RAM,1500 4X2,3.6,6,20,25,22,28.6678,21.8024,0,Naturally Aspirated,Automatic,8,"2-Wheel Drive, Rear",Gasoline (Regular Unleaded Recommended),1,Standard Pick-up Trucks 2WD,0,1,0,1,5,5,407,0,1,RAM | 1500 4X2,1,0,1,1
FCA US LLC,RAM,1500 4X2,5.7,8,18,23,20,26.4093,20.2239,0,Naturally Aspirated,Automatic,8,"2-Wheel Drive, Rear",Gasoline (Mid Grade Unleaded Recommended),1,Standard Pick-up Trucks 2WD,1,1,0,1,4,4,443,0,1,RAM | 1500 4X2,1,0,1,1
FCA US LLC,RAM,1500 Classic 4X2,3.6,6,17,25,20,25.6217,19.7182,0,Naturally Aspirated,Automatic,8,"2-Wheel Drive, Rear",Gasoline (Regular Unleaded Recommended),1,Standard Pick-up Trucks 2WD,0,1,0,0,4,4,450,0,0,RAM | 1500 CLASSIC 4X2,1,0,1,1
FCA US LLC,RAM,1500 Classic 4X2,5.7,8,15,21,17,21.8294,16.9837,0,Naturally Aspirated,Automatic,8,"2-Wheel Drive, Rear",Gasoline (Mid Grade Unleaded Recommended),1,Standard Pick-up Trucks 2WD,1,1,0,0,3,3,523,0,0,RAM | 1500 CLASSIC 4X2,1,0,1,1
FCA US LLC,RAM,1500 HFE 4X2,3.6,6,20,26,23,29.7948,22.5953,0,Naturally Aspirated,Automatic,8,"2-Wheel Drive, Rear",Gasoline (Regular Unleaded Recommended),1,Standard Pick-up Trucks 2WD,0,1,0,1,5,5,394,0,1,RAM | 1500 HFE 4X2,1,0,1,1
Toyota,TOYOTA,TUNDRA 2WD,3.4,6,18,23,20,25.8918,19.8582,0,Turbocharged,Semi-Automatic,10,"2-Wheel Drive, Rear",Gasoline (Regular Unleaded Recommended),1,Standard Pick-up Trucks 2WD,0,1,0,1,4,4,449,0,0,TOYOTA | TUNDRA,1,0,1,1
Toyota,TOYOTA,TUNDRA 2WD,3.4,6,18,23,20,26.2715,20.1246,0,Turbocharged,Semi-Automatic,10,"2-Wheel Drive, Rear",Gasoline (Regular Unleaded Recommended),1,Standard Pick-up Trucks 2WD,0,1,0,1,4,4,442,0,0,TOYOTA | TUNDRA,1,0,1,1
Toyota,TOYOTA,TUNDRA 2WD,3.4,6,20,24,22,29.4866,22.311,0,Turbocharged,Semi-Automatic,10,"2-Wheel Drive, Rear",Gasoline (Regular Unleaded Recommended),1,Standard Pick-up Trucks 2WD,0,1,0,1,5,5,408,1,0,TOYOTA | TUNDRA,1,0,1,1
Toyota,TOYOTA,TUNDRA 2WD,3.4,6,20,24,22,29.4866,22.311,0,Turbocharged,Semi-Automatic,10,"2-Wheel Drive, Rear",Gasoline (Premium Unleaded Required),1,Standard Pick-up Trucks 2WD,0,1,0,1,5,5,408,1,0,TOYOTA | TUNDRA,1,0,1,1
Toyota,TOYOTA,TUNDRA 2WD,3.4,6,18,23,20,26.2715,20.1246,0,Turbocharged,Semi-Automatic,10,"2-Wheel Drive, Rear",Gasoline (Premium Unleaded Required),1,Standard Pick-up Trucks 2WD,0,1,0,1,4,4,442,0,0,TOYOTA | TUNDRA,1,0,1,1
Toyota,TOYOTA,TUNDRA 2WD,3.4,6,18,23,20,25.8918,19.8582,0,Turbocharged,Semi-Automatic,10,"2-Wheel Drive, Rear",Gasoline (Premium Unleaded Required),1,Standard Pick-up Trucks 2WD,0,1,0,1,4,4,449,0,0,TOYOTA | TUNDRA,1,0,1,1
General Motors,Chevrolet,SILVERADO 4WD,2.7,4,17,19,18,24.862,17.5677,0,Turbocharged,Automatic,8,4-Wheel Drive,Gasoline (Regular Unleaded Recommended),1,Standard Pick-up Trucks 4WD,1,1,1,1,4,4,506,0,0,CHEVROLET | SILVERADO,1,1,1,1
General Motors,Chevrolet,SILVERADO 4WD,2.7,4,18,21,19,26.7728,19.0,0,Turbocharged,Automatic,8,4-Wheel Drive,Gasoline (Regular Unleaded Recommended),1,Standard Pick-up Trucks 4WD,1,1,1,1,4,4,468,0,0,CHEVROLET | SILVERADO,1,1,1,1
General Motors,Chevrolet,SILVERADO 4WD,3.0,6,23,27,24,33.5897,24.4584,0,Turbocharged,Automatic,10,4-Wheel Drive,"Diesel, ultra low sulfur (15 ppm, maximum)",1,Standard Pick-up Trucks 4WD,0,0,0,1,5,4,416,0,0,CHEVROLET | SILVERADO,1,1,0,1
General Motors,Chevrolet,SILVERADO 4WD,3.0,6,21,24,23,31.2306,22.6478,0,Turbocharged,Automatic,10,4-Wheel Drive,"Diesel, ultra low sulfur (15 ppm, maximum)",1,Standard Pick-up Trucks 4WD,0,0,0,1,5,4,450,0,0,CHEVROLET | SILVERADO,1,1,0,1
General Motors,Chevrolet,SILVERADO 4WD,5.3,8,15,20,17,22.8928,17.164,0,Naturally Aspirated,Automatic,10,4-Wheel Drive,Gasoline (Regular Unleaded Recommended),1,Standard Pick-up Trucks 4WD,1,1,0,1,3,3,517,0,0,CHEVROLET | SILVERADO,1,1,1,1
General Motors,Chevrolet,SILVERADO 4WD,5.3,8,15,19,17,22.5881,16.6198,0,Naturally Aspirated,Automatic,10,4-Wheel Drive,Gasoline (Regular Unleaded Recommended),1,Standard Pick-up Trucks 4WD,1,1,0,1,3,3,535,0,0,CHEVROLET | SILVERADO,1,1,1,1
General Motors,Chevrolet,SILVERADO 4WD,5.3,8,15,19,16,21.8335,16.2621,0,Naturally Aspirated,Automatic,10,4-Wheel Drive,Gasoline (Regular Unleaded Recommended),1,Standard Pick-up Trucks 4WD,1,1,0,0,3,3,546,0,0,CHEVROLET | SILVERADO,1,1,1,1
General Motors,Chevrolet,SILVERADO 4WD,5.3,8,15,19,17,22.4844,16.936,0,Naturally Aspirated,Automatic,10,4-Wheel Drive,Gasoline (Regular Unleaded Recommended),1,Standard Pick-up Trucks 4WD,1,1,0,0,3,3,524,0,0,CHEVROLET | SILVERADO,1,1,1,1
General Motors,Chevrolet,SILVERADO 4WD,6.2,8,15,20,17,22.2957,16.8566,0,Naturally Aspirated,Automatic,10,4-Wheel Drive,Gasoline (Premium Unleaded Recommended),1,Standard Pick-up Trucks 4WD,1,1,0,1,3,3,527,0,0,CHEVROLET | SILVERADO,1,1,1,1
General Motors,Chevrolet,SILVERADO 4WD MUD TERRAIN TIRES,2.7,4,16,17,17,23.6667,16.5968,0,Turbocharged,Automatic,8,4-Wheel Drive,Gasoline (Regular Unleaded Recommended),1,Standard Pick-up Trucks 4WD,1,1,1,1,3,3,534,0,0,CHEVROLET | SILVERADO MUD TERRAIN TIRES,1,1,1,1
General Motors,Chevrolet,SILVERADO 4WD MUD TERRAIN TIRES,2.7,4,16,17,16,23.0111,16.3248,0,Turbocharged,Automatic,8,4-Wheel Drive,Gasoline (Regular Unleaded Recommended),1,Standard Pick-up Trucks 4WD,1,1,1,1,3,3,542,0,0,CHEVROLET | SILVERADO MUD TERRAIN TIRES,1,1,1,1
General Motors,Chevrolet,SILVERADO 4WD MUD TERRAIN TIRES,3.0,6,21,23,22,29.4499,21.5743,0,Turbocharged,Automatic,10,4-Wheel Drive,"Diesel, ultra low sulfur (15 ppm, maximum)",1,Standard Pick-up Trucks 4WD,0,0,0,1,5,4,471,0,0,CHEVROLET | SILVERADO MUD TERRAIN TIRES,1,1,0,1
General Motors,Chevrolet,SILVERADO 4WD MUD TERRAIN TIRES,3.0,6,21,23,22,30.2825,21.9456,0,Turbocharged,Automatic,10,4-Wheel Drive,"Diesel, ultra low sulfur (15 ppm, maximum)",1,Standard Pick-up Trucks 4WD,0,0,0,1,5,4,463,0,0,CHEVROLET | SILVERADO MUD TERRAIN TIRES,1,1,0,1
General Motors,Chevrolet,SILVERADO 4WD MUD TERRAIN TIRES,5.3,8,15,18,16,21.3493,16.2548,0,Naturally Aspirated,Automatic,10,4-Wheel Drive,Gasoline (Regular Unleaded Recommended),1,Standard Pick-up Trucks 4WD,1,1,0,1,3,3,545,0,0,CHEVROLET | SILVERADO MUD TERRAIN TIRES,1,1,1,1
General Motors,Chevrolet,SILVERADO 4WD MUD TERRAIN TIRES,5.3,8,15,18,16,21.6301,15.9844,0,Naturally Aspirated,Automatic,10,4-Wheel Drive,Gasoline (Regular Unleaded Recommended),1,Standard Pick-up Trucks 4WD,1,1,0,1,3,3,555,0,0,CHEVROLET | SILVERADO MUD TERRAIN TIRES,1,1,1,1
General Motors,Chevrolet,SILVERADO 4WD MUD TERRAIN TIRES,5.3,8,15,19,16,21.8335,16.2621,0,Naturally Aspirated,Automatic,10,4-Wheel Drive,Gasoline (Regular Unleaded Recommended),1,Standard Pick-up Trucks 4WD,1,1,0,0,3,3,546,0,0,CHEVROLET | SILVERADO MUD TERRAIN TIRES,1,1,1,1
General Motors,Chevrolet,SILVERADO 4WD MUD TERRAIN TIRES,5.3,8,15,19,17,22.4844,16.936,0,Naturally Aspirated,Automatic,10,4-Wheel Drive,Gasoline (Regular Unleaded Recommended),1,Standard Pick-up Trucks 4WD,1,1,0,0,3,3,524,0,0,CHEVROLET | SILVERADO MUD TERRAIN TIRES,1,1,1,1
General Motors,Chevrolet,SILVERADO 4WD MUD TERRAIN TIRES,6.2,8,14,17,15,19.7279,14.9788,0,Naturally Aspirated,Automatic,10,4-Wheel Drive,Gasoline (Premium Unleaded Recommended),1,Standard Pick-up Trucks 4WD,1,1,0,1,2,2,590,0,0,CHEVROLET | SILVERADO MUD TERRAIN TIRES,1,1,1,1
General Motors,Chevrolet,SILVERADO 4WD ZR2,3.0,6,20,22,21,28.1545,20.9822,0,Turbocharged,Automatic,10,4-Wheel Drive,"Diesel, ultra low sulfur (15 ppm, maximum)",1,Standard Pick-up Trucks 4WD,0,0,0,1,4,4,484,0,0,CHEVROLET | SILVERADO ZR2,1,1,0,1
General Motors,Chevrolet,SILVERADO 4WD ZR2,6.2,8,14,17,15,20.5643,15.4546,0,Naturally Aspirated,Automatic,10,4-Wheel Drive,Gasoline (Premium Unleaded Recommended),1,Standard Pick-up Trucks 4WD,1,1,0,1,2,2,591,0,0,CHEVROLET | SILVERADO ZR2,1,1,1,1
Ford Motor Company,Ford,F150 PICKUP 4WD,2.7,6,18,23,20,26.3623,20.2085,0,Turbocharged,Semi-Automatic,10,Part-time 4-Wheel Drive,Gasoline (Regular Unleaded Recommended),1,Standard Pick-up Trucks 4WD,0,1,0,1,4,4,444,0,0,FORD | F150 PICKUP,1,1,1,1
Ford Motor Company,Ford,F150 PICKUP 4WD,3.5,6,16,24,19,25.0209,19.3053,0,Turbocharged,Semi-Automatic,10,Part-time 4-Wheel Drive,Gasoline (Regular Unleaded Recommended),1,Standard Pick-up Trucks 4WD,0,1,0,1,4,4,467,0,0,FORD | F150 PICKUP,1,1,1,1
Ford Motor Company,Ford,F150 PICKUP 4WD,5.0,8,16,24,19,24.3622,18.8278,0,Naturally Aspirated,Semi-Automatic,10,Part-time 4-Wheel Drive,Gasoline (Regular Unleaded Recommended),1,Standard Pick-up Trucks 4WD,1,1,0,1,4,4,472,0,0,FORD | F150 PICKUP,1,1,1,1
Ford Motor Company,Ford,F150 PICKUP 4WD HEV,3.5,6,22,24,23,30.473,22.9529,0,Turbocharged,Semi-Automatic,10,Part-time 4-Wheel Drive,Gasoline (Regular Unleaded Recommended),1,Standard Pick-up Trucks 4WD,0,1,0,1,5,5,387,1,0,FORD | F150 PICKUP HEV,1,1,1,1
Ford Motor Company,Ford,F150 RAPTOR 4WD,3.5,6,14,18,16,20.3546,15.8617,0,Turbocharged,Semi-Automatic,10,Part-time 4-Wheel Drive,Gasoline (Regular Unleaded Recommended),1,Standard Pick-up Trucks 4WD,0,1,0,1,3,3,555,0,0,FORD | F150 RAPTOR,1,1,1,1
Ford Motor Company,Ford,F150 RAPTOR R 4WD,5.2,8,10,15,12,15.0629,11.9458,0,Supercharged,Semi-Automatic,10,Part-time 4-Wheel Drive,Gasoline (Regular Unleaded Recommended),1,Standard Pick-up Trucks 4WD,0,1,0,0,1,1,741,0,0,FORD | F150 RAPTOR R,1,1,1,1
Ford Motor Company,Ford,RANGER 4WD,2.3,4,20,24,22,29.1644,22.1626,0,Turbocharged,Semi-Automatic,10,Part-time 4-Wheel Drive,Gasoline (Regular Unleaded Recommended),1,Standard Pick-up Trucks 4WD,0,1,0,1,5,5,402,0,0,FORD | RANGER,1,1,1,1
Ford Motor Company,Ford,RANGER 4WD,2.7,6,19,23,20,27.1522,20.0,0,Turbocharged,Semi-Automatic,10,Part-time 4-Wheel Drive,Gasoline (Regular Unleaded Recommended),1,Standard Pick-up Trucks 4WD,0,1,0,1,4,4,445,0,0,FORD | RANGER,1,1,1,1
Ford Motor Company,Ford,RANGER RAPTOR 4WD,3.0,6,16,18,17,22.2328,16.8495,0,Turbocharged,Semi-Automatic,10,Part-time 4-Wheel Drive,Gasoline (Regular Unleaded Recommended),1,Standard Pick-up Trucks 4WD,0,1,0,1,3,3,525,0,0,FORD | RANGER RAPTOR,1,1,1,1
General Motors,GMC,SIERRA 4WD,2.7,4,17,18,17,24.4521,17.2795,0,Turbocharged,Automatic,8,4-Wheel Drive,Gasoline (Regular Unleaded Recommended),1,Standard Pick-up Trucks 4WD,1,1,1,1,3,3,513,0,0,GMC | SIERRA,1,1,1,1
General Motors,GMC,SIERRA 4WD,2.7,4,17,20,18,25.2251,18.2292,0,Turbocharged,Automatic,8,4-Wheel Drive,Gasoline (Regular Unleaded Recommended),1,Standard Pick-up Trucks 4WD,1,1,1,1,4,4,488,0,0,GMC | SIERRA,1,1,1,1
General Motors,GMC,SIERRA 4WD,3.0,6,23,27,24,33.5897,24.4584,0,Turbocharged,Automatic,10,4-Wheel Drive,"Diesel, ultra low sulfur (15 ppm, maximum)",1,Standard Pick-up Trucks 4WD,0,0,0,1,5,4,416,0,0,GMC | SIERRA,1,1,0,1
General Motors,GMC,SIERRA 4WD,5.3,8,15,20,17,23.3954,17.365,0,Naturally Aspirated,Automatic,10,4-Wheel Drive,Gasoline (Regular Unleaded Recommended),1,Standard Pick-up Trucks 4WD,1,1,0,1,3,3,511,0,0,GMC | SIERRA,1,1,1,1
General Motors,GMC,SIERRA 4WD,5.3,8,15,19,17,22.6509,16.6565,0,Naturally Aspirated,Automatic,10,4-Wheel Drive,Gasoline (Regular Unleaded Recommended),1,Standard Pick-up Trucks 4WD,1,1,0,1,3,3,533,0,0,GMC | SIERRA,1,1,1,1
General Motors,GMC,SIERRA 4WD,5.3,8,15,19,16,21.8335,16.2621,0,Naturally Aspirated,Automatic,10,4-Wheel Drive,Gasoline (Regular Unleaded Recommended),1,Standard Pick-up Trucks 4WD,1,1,0,0,3,3,546,0,0,GMC | SIERRA,1,1,1,1
General Motors,GMC,SIERRA 4WD,5.3,8,15,19,17,22.4844,16.936,0,Naturally Aspirated,Automatic,10,4-Wheel Drive,Gasoline (Regular Unleaded Recommended),1,Standard Pick-up Trucks 4WD,1,1,0,0,3,3,524,0,0,GMC | SIERRA,1,1,1,1
General Motors,GMC,SIERRA 4WD,6.2,8,15,19,16,21.6562,16.4913,0,Naturally Aspirated,Automatic,10,4-Wheel Drive,Gasoline (Premium Unleaded Recommended),1,Standard Pick-up Trucks 4WD,1,1,0,1,3,3,539,0,0,GMC | SIERRA,1,1,1,1
General Motors,GMC,SIERRA 4WD AT4X,3.0,6,19,20,19,26.6454,19.4173,0,Turbocharged,Automatic,10,4-Wheel Drive,"Diesel, ultra low sulfur (15 ppm, maximum)",1,Standard Pick-up Trucks 4WD,0,0,0,1,4,3,524,0,0,GMC | SIERRA AT4X,1,1,0,1
General Motors,GMC,SIERRA 4WD AT4X,6.2,8,14,16,15,20.5643,15.4546,0,Naturally Aspirated,Automatic,10,4-Wheel Drive,Gasoline (Premium Unleaded Recommended),1,Standard Pick-up Trucks 4WD,1,1,0,1,2,2,601,0,0,GMC | SIERRA AT4X,1,1,1,1
General Motors,GMC,SIERRA 4WD MUD TERRAIN TIRES,2.7,4,16,17,16,23.0111,16.3248,0,Turbocharged,Automatic,8,4-Wheel Drive,Gasoline (Regular Unleaded Recommended),1,Standard Pick-up Trucks 4WD,1,1,1,1,3,3,542,0,0,GMC | SIERRA MUD TERRAIN TIRES,1,1,1,1
General Motors,GMC,SIERRA 4WD MUD TERRAIN TIRES,3.0,6,21,23,22,29.4499,21.5743,0,Turbocharged,Automatic,10,4-Wheel Drive,"Diesel, ultra low sulfur (15 ppm, maximum)",1,Standard Pick-up Trucks 4WD,0,0,0,1,5,4,471,0,0,GMC | SIERRA MUD TERRAIN TIRES,1,1,0,1
General Motors,GMC,SIERRA 4WD MUD TERRAIN TIRES,5.3,8,15,18,16,21.114,15.8794,0,Naturally Aspirated,Automatic,10,4-Wheel Drive,Gasoline (Regular Unleaded Recommended),1,Standard Pick-up Trucks 4WD,1,1,0,1,3,3,558,0,0,GMC | SIERRA MUD TERRAIN TIRES,1,1,1,1
General Motors,GMC,SIERRA 4WD MUD TERRAIN TIRES,5.3,8,15,18,16,21.739,16.0321,0,Naturally Aspirated,Automatic,10,4-Wheel Drive,Gasoline (Regular Unleaded Recommended),1,Standard Pick-up Trucks 4WD,1,1,0,1,3,3,553,0,0,GMC | SIERRA MUD TERRAIN TIRES,1,1,1,1
General Motors,GMC,SIERRA 4WD MUD TERRAIN TIRES,5.3,8,15,19,16,21.8335,16.2621,0,Naturally Aspirated,Automatic,10,4-Wheel Drive,Gasoline (Regular Unleaded Recommended),1,Standard Pick-up Trucks 4WD,1,1,0,0,3,3,546,0,0,GMC | SIERRA MUD TERRAIN TIRES,1,1,1,1
General Motors,GMC,SIERRA 4WD MUD TERRAIN TIRES,5.3,8,15,19,17,22.4844,16.936,0,Naturally Aspirated,Automatic,10,4-Wheel Drive,Gasoline (Regular Unleaded Recommended),1,Standard Pick-up Trucks 4WD,1,1,0,0,3,3,524,0,0,GMC | SIERRA MUD TERRAIN TIRES,1,1,1,1
General Motors,GMC,SIERRA 4WD MUD TERRAIN TIRES,6.2,8,14,17,15,19.7279,14.9788,0,Naturally Aspirated,Automatic,10,4-Wheel Drive,Gasoline (Premium Unleaded Recommended),1,Standard Pick-up Trucks 4WD,1,1,0,1,2,2,590,0,0,GMC | SIERRA MUD TERRAIN TIRES,1,1,1,1
Honda,Honda,RIDGELINE AWD,3.5,6,18,24,21,27.1602,20.7402,0,Naturally Aspirated,Semi-Automatic,9,All Wheel Drive,Gasoline (Regular Unleaded Recommended),1,Standard Pick-up Trucks 4WD,1,1,1,1,4,4,441,0,0,HONDA | RIDGELINE,1,1,1,1
Honda,Honda,RIDGELINE AWD TrailSport,3.5,6,18,23,20,26.7837,20.4616,0,Naturally Aspirated,Semi-Automatic,9,All Wheel Drive,Gasoline (Regular Unleaded Recommended),1,Standard Pick-up Trucks 4WD,1,1,1,1,4,4,446,0,0,HONDA | RIDGELINE TRAILSPORT,1,1,1,1
FCA US LLC,Jeep,Gladiator 4X4,3.6,6,17,22,19,24.8217,19.0841,0,Naturally Aspirated,Automatic,8,4-Wheel Drive,Gasoline (Regular Unleaded Recommended),1,Standard Pick-up Trucks 4WD,0,1,0,1,4,4,466,0,0,JEEP | GLADIATOR 4X4,1,1,1,1
FCA US LLC,Jeep,Gladiator 4X4,3.6,6,16,21,18,23.01,17.8084,0,Naturally Aspirated,Manual,6,4-Wheel Drive,Gasoline (Regular Unleaded Recommended),1,Standard Pick-up Trucks 4WD,0,1,0,1,4,4,500,0,0,JEEP | GLADIATOR 4X4,0,1,1,1
Nissan,NISSAN,FRONTIER 4WD,3.8,6,18,23,20,26.5864,20.335,0,Naturally Aspirated,Semi-Automatic,9,Part-time 4-Wheel Drive,Gasoline (Regular Unleaded Recommended),1,Standard Pick-up Trucks 4WD,0,1,0,1,4,4,438,0,0,NISSAN | FRONTIER,1,1,1,1
Nissan,NISSAN,FRONTIER 4WD PRO-4X,3.8,6,18,22,19,25.8309,19.0,0,Naturally Aspirated,Semi-Automatic,9,Part-time 4-Wheel Drive,Gasoline (Regular Unleaded Recommended),1,Standard Pick-up Trucks 4WD,0,1,0,1,4,4,469,0,0,NISSAN | FRONTIER PRO-4X,1,1,1,1
Nissan,NISSAN,TITAN 4WD,5.6,8,15,21,17,22.1728,17.2009,0,Naturally Aspirated,Semi-Automatic,9,Part-time 4-Wheel Drive,Gasoline (Premium Unleaded Recommended),1,Standard Pick-up Trucks 4WD,0,1,1,0,3,3,519,0,0,NISSAN | TITAN,1,1,1,1
Nissan,NISSAN,TITAN 4WD PRO-4X,5.6,8,14,20,16,20.9231,16.2984,0,Naturally Aspirated,Semi-Automatic,9,Part-time 4-Wheel Drive,Gasoline (Premium Unleaded Recommended),1,Standard Pick-up Trucks 4WD,0,1,1,0,3,3,546,0,0,NISSAN | TITAN PRO-4X,1,1,1,1
FCA US LLC,RAM,1500 4X4,3.6,6,19,24,21,27.9367,21.279,0,Naturally Aspirated,Automatic,8,4-Wheel Drive,Gasoline (Regular Unleaded Recommended),1,Standard Pick-up Trucks 4WD,0,1,0,1,4,4,417,0,1,RAM | 1500 4X4,1,1,1,1
FCA US LLC,RAM,1500 4X4,5.7,8,18,22,19,25.2934,19.4219,0,Naturally Aspirated,Automatic,8,4-Wheel Drive,Gasoline (Mid Grade Unleaded Recommended),1,Standard Pick-up Trucks 4WD,1,1,0,1,4,4,456,0,1,RAM | 1500 4X4,1,1,1,1
FCA US LLC,RAM,1500 Classic 4X4,3.6,6,16,23,19,24.3716,18.8176,0,Naturally Aspirated,Automatic,8,4-Wheel Drive,Gasoline (Regular Unleaded Recommended),1,Standard Pick-up Trucks 4WD,0,1,0,0,4,4,473,0,0,RAM | 1500 CLASSIC 4X4,1,1,1,1
FCA US LLC,RAM,1500 Classic 4X4,5.7,8,15,20,17,21.6291,16.8139,0,Naturally Aspirated,Automatic,8,4-Wheel Drive,Gasoline (Mid Grade Unleaded Recommended),1,Standard Pick-up Trucks 4WD,1,1,0,0,3,3,528,0,0,RAM | 1500 CLASSIC 4X4,1,1,1,1
FCA US LLC,RAM,1500 TRX 4x4,6.2,8,10,14,12,15.0098,11.8893,0,Supercharged,Automatic,8,4-Wheel Drive,Gasoline (Premium Unleaded Recommended),1,Standard Pick-up Trucks 4WD,0,1,0,0,1,1,748,0,0,RAM | 1500 TRX 4X4,1,1,1,1
Toyota,TOYOTA,TUNDRA 4WD,3.4,6,17,22,19,25.1706,19.3354,0,Turbocharged,Semi-Automatic,10,Part-time 4-Wheel Drive,Gasoline (Regular Unleaded Recommended),1,Standard Pick-up Trucks 4WD,0,1,0,1,4,4,460,0,0,TOYOTA | TUNDRA,1,1,1,1
Toyota,TOYOTA,TUNDRA 4WD,3.4,6,17,23,19,25.1581,19.3354,0,Turbocharged,Semi-Automatic,10,Part-time 4-Wheel Drive,Gasoline (Regular Unleaded Recommended),1,Standard Pick-up Trucks 4WD,0,1,0,1,4,4,459,0,0,TOYOTA | TUNDRA,1,1,1,1
Toyota,TOYOTA,TUNDRA 4WD,3.4,6,19,22,20,26.4074,20.1784,0,Turbocharged,Semi-Automatic,10,Part-time 4-Wheel Drive,Gasoline (Regular Unleaded Recommended),1,Standard Pick-up Trucks 4WD,0,1,0,1,4,4,439,1,0,TOYOTA | TUNDRA,1,1,1,1
Toyota,TOYOTA,TUNDRA 4WD,3.4,6,17,23,19,25.1581,19.3354,0,Turbocharged,Semi-Automatic,10,Part-time 4-Wheel Drive,Gasoline (Premium Unleaded Required),1,Standard Pick-up Trucks 4WD,0,1,0,1,4,4,459,0,0,TOYOTA | TUNDRA,1,1,1,1
Toyota,TOYOTA,TUNDRA 4WD,3.4,6,19,22,20,26.4074,20.1784,0,Turbocharged,Semi-Automatic,10,Part-time 4-Wheel Drive,Gasoline (Premium Unleaded Required),1,Standard Pick-up Trucks 4WD,0,1,0,1,4,4,439,1,0,TOYOTA | TUNDRA,1,1,1,1
Toyota,TOYOTA,TUNDRA 4WD PRO,3.4,6,18,20,19,24.9802,19.1281,0,Turbocharged,Semi-Automatic,10,Part-time 4-Wheel Drive,Gasoline (Regular Unleaded Recommended),1,Standard Pick-up Trucks 4WD,0,1,0,1,4,4,461,1,0,TOYOTA | TUNDRA PRO,1,1,1,1
Toyota,TOYOTA,TUNDRA 4WD PRO,3.4,6,18,20,19,24.9802,19.1281,0,Turbocharged,Semi-Automatic,10,Part-time 4-Wheel Drive,Gasoline (Premium Unleaded Required),1,Standard Pick-up Trucks 4WD,0,1,0,1,4,4,461,1,0,TOYOTA | TUNDRA PRO,1,1,1,1
General Motors,Cadillac,XT5 HEARSE FWD,2.0,4,20,23,21,28.2286,20.8628,0,Turbocharged,Semi-Automatic,9,"2-Wheel Drive, Front",Gasoline (Premium Unleaded Required),1,Special Purpose Vehicle 2WD,1,1,1,1,4,4,425,0,0,CADILLAC | XT5 HEARSE,1,0,1,1
General Motors,Cadillac,XT5 LIMO FWD,2.0,4,20,23,21,28.2286,20.8628,0,Turbocharged,Semi-Automatic,9,"2-Wheel Drive, Front",Gasoline (Premium Unleaded Required),1,Special Purpose Vehicle 2WD,1,1,1,1,4,4,425,0,0,CADILLAC | XT5 LIMO,1,0,1,1
Mercedes-Benz,Mercedes-Benz,GLA 250,2.0,4,25,34,28,38.3864,28.4621,0,Turbocharged,Automated Manual,8,"2-Wheel Drive, Front",Gasoline (Premium Unleaded Required),0,Special Purpose Vehicle 2WD,0,1,1,1,6,6,313,0,1,MERCEDES-BENZ | GLA 250,1,0,1,1
Mercedes-Benz,Mercedes-Benz,GLB 250,2.0,4,25,33,28,37.5267,27.8943,0,Turbocharged,Automated Manual,8,"2-Wheel Drive, Front",Gasoline (Premium Unleaded Required),0,Special Purpose Vehicle 2WD,0,1,1,1,6,6,319,0,1,MERCEDES-BENZ | GLB 250,1,0,1,1
General Motors,Cadillac,XT5 HEARSE AWD,2.0,4,20,23,21,28.2286,20.8628,0,Turbocharged,Semi-Automatic,9,All Wheel Drive,Gasoline (Premium Unleaded Required),1,Special Purpose Vehicle 4WD,1,1,1,1,4,4,425,0,0,CADILLAC | XT5 HEARSE,1,1,1,1
General Motors,Cadillac,XT5 LIMO AWD,2.0,4,20,23,21,28.2286,20.8628,0,Turbocharged,Semi-Automatic,9,All Wheel Drive,Gasoline (Premium Unleaded Required),1,Special Purpose Vehicle 4WD,1,1,1,1,4,4,425,0,0,CADILLAC | XT5 LIMO,1,1,1,1
General Motors,Chevrolet,SILVERADO 2WD CAB CHASSIS,5.3,8,15,18,16,21.3493,16.2548,0,Naturally Aspirated,Automatic,10,"2-Wheel Drive, Rear",Gasoline (Regular Unleaded Recommended),1,Special Purpose Vehicle cab chassis,1,1,0,1,3,3,545,0,0,CHEVROLET | SILVERADO CAB CHASSIS,1,0,1,1
General Motors,Chevrolet,SILVERADO 4WD CAB CHASSIS,5.3,8,14,17,15,20.9218,15.39,0,Naturally Aspirated,Automatic,10,4-Wheel Drive,Gasoline (Regular Unleaded Recommended),1,Special Purpose Vehicle cab chassis,1,1,0,1,2,2,577,0,0,CHEVROLET | SILVERADO CAB CHASSIS,1,1,1,1
General Motors,GMC,SIERRA 2WD CAB CHASSIS,5.3,8,14,17,15,20.7059,15.2497,0,Naturally Aspirated,Automatic,10,"2-Wheel Drive, Rear",Gasoline (Regular Unleaded Recommended),1,Special Purpose Vehicle cab chassis,1,1,0,1,2,2,580,0,0,GMC | SIERRA CAB CHASSIS,1,0,1,1
General Motors,GMC,SIERRA 4WD CAB CHASSIS,5.3,8,14,17,15,20.7897,15.3157,0,Naturally Aspirated,Automatic,10,4-Wheel Drive,Gasoline (Regular Unleaded Recommended),1,Special Purpose Vehicle cab chassis,1,1,0,1,2,2,580,0,0,GMC | SIERRA CAB CHASSIS,1,1,1,1
FCA US LLC,Chrysler,Pacifica,3.6,6,19,28,22,29.1809,22.2452,0,Naturally Aspirated,Automatic,9,"2-Wheel Drive, Front",Gasoline (Regular Unleaded Recommended),1,"Special Purpose Vehicle, minivan 2WD",0,1,0,1,5,5,401,0,0,CHRYSLER | PACIFICA,1,0,1,1
FCA US LLC,Chrysler,Voyager,3.6,6,19,28,22,29.1809,22.2452,0,Naturally Aspirated,Automatic,9,"2-Wheel Drive, Front",Gasoline (Regular Unleaded Recommended),1,"Special Purpose Vehicle, minivan 2WD",0,1,0,1,5,5,401,0,0,CHRYSLER | VOYAGER,1,0,1,1
Honda,Honda,ODYSSEY FWD,3.5,6,19,28,22,29.5179,22.4617,0,Naturally Aspirated,Semi-Automatic,10,"2-Wheel Drive, Front",Gasoline (Regular Unleaded Recommended),1,"Special Purpose Vehicle, minivan 2WD",1,1,1,1,5,5,394,0,0,HONDA | ODYSSEY,1,0,1,1
Kia,KIA,Carnival,3.5,6,19,26,22,28.8451,21.9581,0,Naturally Aspirated,Semi-Automatic,8,"2-Wheel Drive, Front",Gasoline (Regular Unleaded Recommended),1,"Special Purpose Vehicle, minivan 2WD",0,1,0,0,5,5,408,0,0,KIA | CARNIVAL,1,0,1,1
Toyota,TOYOTA,SIENNA,2.5,4,36,36,36,49.0811,36.0336,0,Naturally Aspirated,Selectable Continuously Variable (e.g. CVT with paddles),6,"2-Wheel Drive, Front",Gasoline (Regular Unleaded Recommended),1,"Special Purpose Vehicle, minivan 2WD",0,1,0,1,7,7,246,1,0,TOYOTA | SIENNA,1,0,1,1
FCA US LLC,Chrysler,Pacifica AWD,3.6,6,17,25,20,25.457,19.6212,0,Naturally Aspirated,Automatic,9,All Wheel Drive,Gasoline (Regular Unleaded Recommended),1,"Special Purpose Vehicle, minivan 4WD",0,1,0,1,4,4,450,0,0,CHRYSLER | PACIFICA,1,1,1,1
Toyota,TOYOTA,SIENNA AWD,2.5,4,35,36,35,47.6737,35.0213,0,Naturally Aspirated,Selectable Continuously Variable (e.g. CVT with paddles),6,All Wheel Drive,Gasoline (Regular Unleaded Recommended),1,"Special Purpose Vehicle, minivan 4WD",0,1,0,1,7,7,253,1,0,TOYOTA | SIENNA,1,1,1,1
Honda,Acura,MDX FWD,3.5,6,19,26,22,29.3283,22.2878,0,Naturally Aspirated,Semi-Automatic,10,"2-Wheel Drive, Front",Gasoline (Premium Unleaded Recommended),1,Small SUV 2WD,1,1,1,1,5,5,411,0,0,ACURA | MDX,1,0,1,0
FCA US LLC,ALFA ROMEO,Stelvio,2.0,4,22,29,25,33.7761,25.3266,0,Turbocharged,Automatic,8,"2-Wheel Drive, Rear",Gasoline (Premium Unleaded Recommended),1,Small SUV 2WD,0,1,1,1,5,5,359,0,0,ALFA ROMEO | STELVIO,1,0,1,0
BMW,BMW,X3 sDrive30i,2.0,4,23,29,25,33.2063,24.9331,0,Turbocharged,Semi-Automatic,8,"2-Wheel Drive, Rear",Gasoline (Premium Unleaded Recommended),1,Small SUV 2WD,0,1,1,1,5,5,352,0,0,BMW | X3 SDRIVE30I,1,0,1,0
General Motors,Buick,ENCORE GX FWD,1.2,3,30,31,30,43.7761,30.0,0,Turbocharged,Continuously Variable,1,"2-Wheel Drive, Front",Gasoline (Regular Unleaded Recommended),1,Small SUV 2WD,0,1,0,1,6,6,297,0,0,BUICK | ENCORE GX,1,0,1,0
General Motors,Buick,ENCORE GX FWD,1.3,3,29,31,30,43.15,30.0,0,Turbocharged,Continuously Variable,1,"2-Wheel Drive, Front",Gasoline (Regular Unleaded Recommended),1,Small SUV 2WD,0,1,0,1,6,6,297,0,0,BUICK | ENCORE GX,1,0,1,0
General Motors,Cadillac,XT4 FWD,2.0,4,24,29,26,35.2534,25.9557,0,Turbocharged,Semi-Automatic,9,"2-Wheel Drive, Front",Gasoline (Premium Unleaded Required),1,Small SUV 2WD,1,1,1,1,5,5,343,0,0,CADILLAC | XT4,1,0,1,0
General Motors,Cadillac,XT5 FWD,2.0,4,22,29,24,33.6349,24.0,0,Turbocharged,Semi-Automatic,9,"2-Wheel Drive, Front",Gasoline (Premium Unleaded Required),1,Small SUV 2WD,1,1,1,1,5,5,370,0,0,CADILLAC | XT5,1,0,1,0
General Motors,Cadillac,XT5 FWD,3.6,6,19,26,21,27.8437,21.2723,0,Naturally Aspirated,Semi-Automatic,9,"2-Wheel Drive, Front",Gasoline (Regular Unleaded Recommended),1,Small SUV 2WD,1,1,0,1,4,4,418,0,0,CADILLAC | XT5,1,0,1,0
General Motors,Cadillac,XT6 FWD,2.0,4,21,27,23,31.3102,23.0,0,Turbocharged,Semi-Automatic,9,"2-Wheel Drive, Front",Gasoline (Premium Unleaded Required),1,Small SUV 2WD,1,1,1,1,5,5,386,0,0,CADILLAC | XT6,1,0,1,0
General Motors,Cadillac,XT6 FWD,3.6,6,19,26,21,27.8437,21.2723,0,Naturally Aspirated,Semi-Automatic,9,"2-Wheel Drive, Front",Gasoline (Regular Unleaded Recommended),1,Small SUV 2WD,1,1,0,1,4,4,418,0,0,CADILLAC | XT6,1,0,1,0
General Motors,Chevrolet,BLAZER FWD,2.0,4,22,29,25,33.7087,25.2855,0,Turbocharged,Automatic,9,"2-Wheel Drive, Front",Gasoline (Regular Unleaded Recommended),1,Small SUV 2WD,1,1,1,1,5,5,358,0,0,CHEVROLET | BLAZER,1,0,1,0
General Motors,Chevrolet,BLAZER FWD,3.6,6,19,26,22,28.3258,21.6135,0,Naturally Aspirated,Automatic,9,"2-Wheel Drive, Front",Gasoline (Regular Unleaded Recommended),1,Small SUV 2WD,1,1,0,1,5,5,411,0,0,CHEVROLET | BLAZER,1,0,1,0
General Motors,Chevrolet,EQUINOX FWD,1.5,4,26,31,28,38.2151,28.3095,0,Turbocharged,Automatic,6,"2-Wheel Drive, Front",Gasoline (Regular Unleaded Recommended),1,Small SUV 2WD,0,1,0,1,6,6,310,0,0,CHEVROLET | EQUINOX,1,0,1,0
General Motors,Chevrolet,TRAILBLAZER FWD,1.3,3,29,33,31,43.9952,31.4624,0,Turbocharged,Continuously Variable,1,"2-Wheel Drive, Front",Gasoline (Regular Unleaded Recommended),1,Small SUV 2WD,0,1,0,1,6,6,290,0,0,CHEVROLET | TRAILBLAZER,1,0,1,0
Ford Motor Company,Ford,ESCAPE FWD,1.5,3,27,34,30,40.1841,29.6199,0,Turbocharged,Automatic,8,"2-Wheel Drive, Front",Gasoline (Regular Unleaded Recommended),1,Small SUV 2WD,0,1,0,1,6,6,299,0,0,FORD | ESCAPE,1,0,1,0
Ford Motor Company,Ford,ESCAPE FWD HEV,2.5,4,42,36,39,56.036,39.1565,0,Naturally Aspirated,Continuously Variable,1,"2-Wheel Drive, Front",Gasoline (Regular Unleaded Recommended),1,Small SUV 2WD,0,1,0,1,7,7,225,1,0,FORD | ESCAPE HEV,1,0,1,0
General Motors,GMC,TERRAIN FWD,1.5,4,24,29,26,36.9742,26.0,0,Turbocharged,Automatic,9,"2-Wheel Drive, Front",Gasoline (Regular Unleaded Recommended),1,Small SUV 2WD,0,1,0,1,5,5,342,0,0,GMC | TERRAIN,1,0,1,0
Honda,Honda,CR-V FWD,1.5,4,28,34,30,41.3397,30.3192,0,Turbocharged,Continuously Variable,1,"2-Wheel Drive, Front",Gasoline (Regular Unleaded Recommended),1,Small SUV 2WD,0,1,0,1,6,6,290,0,0,HONDA | CR-V,1,0,1,0
Honda,Honda,CR-V FWD,2.0,4,43,36,40,58.0184,40.3452,0,Naturally Aspirated,Continuously Variable,1,"2-Wheel Drive, Front",Gasoline (Regular Unleaded Recommended),1,Small SUV 2WD,0,1,0,1,7,7,223,1,0,HONDA | CR-V,1,0,1,0
Honda,Honda,PILOT FWD,3.5,6,19,27,22,29.5284,22.4495,0,Naturally Aspirated,Semi-Automatic,10,"2-Wheel Drive, Front",Gasoline (Regular Unleaded Recommended),1,Small SUV 2WD,1,1,0,1,5,5,402,0,0,HONDA | PILOT,1,0,1,0
Hyundai,HYUNDAI MOTOR COMPANY,Kona FWD,1.6,4,26,32,28,39.5635,28.4908,0,Turbocharged,Semi-Automatic,8,"2-Wheel Drive, Front",Gasoline (Regular Unleaded Recommended),1,Small SUV 2WD,0,1,0,0,6,6,312,0,0,HYUNDAI MOTOR COMPANY | KONA,1,0,1,0
Hyundai,HYUNDAI MOTOR COMPANY,Kona FWD,2.0,4,29,34,31,44.2437,31.2807,0,Naturally Aspirated,Selectable Continuously Variable (e.g. CVT with paddles),1,"2-Wheel Drive, Front",Gasoline (Regular Unleaded Recommended),1,Small SUV 2WD,0,1,0,1,6,6,284,0,0,HYUNDAI MOTOR COMPANY | KONA,1,0,1,0
Hyundai,HYUNDAI MOTOR COMPANY,Kona FWD,2.0,4,28,35,31,43.0035,30.8156,0,Naturally Aspirated,Selectable Continuously Variable (e.g. CVT with paddles),1,"2-Wheel Drive, Front",Gasoline (Regular Unleaded Recommended),1,Small SUV 2WD,0,1,0,0,6,6,288,0,0,HYUNDAI MOTOR COMPANY | KONA,1,0,1,0
Hyundai,HYUNDAI MOTOR COMPANY,Palisade FWD,3.8,6,19,26,22,28.8135,21.9456,0,Naturally Aspirated,Semi-Automatic,8,"2-Wheel Drive, Front",Gasoline (Regular Unleaded Recommended),1,Small SUV 2WD,0,1,0,1,5,5,404,0,0,HYUNDAI MOTOR COMPANY | PALISADE,1,0,1,0
Hyundai,HYUNDAI MOTOR COMPANY,Santa Cruz FWD,2.5,4,22,26,23,32.5532,23.2561,0,Naturally Aspirated,Semi-Automatic,8,"2-Wheel Drive, Front",Gasoline (Regular Unleaded Recommended),1,Small SUV 2WD,0,1,0,0,5,5,381,0,0,HYUNDAI MOTOR COMPANY | SANTA CRUZ,1,0,1,0
Hyundai,HYUNDAI MOTOR COMPANY,Santa Fe FWD,2.5,4,20,29,24,31.1483,23.5967,0,Turbocharged,Automated Manual- Selectable (e.g. Automated Manual with paddles),8,"2-Wheel Drive, Front",Gasoline (Regular Unleaded Recommended),1,Small SUV 2WD,0,1,0,1,5,5,377,0,0,HYUNDAI MOTOR COMPANY | SANTA FE,1,0,1,0
Hyundai,HYUNDAI MOTOR COMPANY,Tucson FWD,2.5,4,25,32,28,37.1685,27.612,0,Naturally Aspirated,Semi-Automatic,8,"2-Wheel Drive, Front",Gasoline (Regular Unleaded Recommended),1,Small SUV 2WD,0,1,0,1,6,6,323,0,0,HYUNDAI MOTOR COMPANY | TUCSON,1,0,1,0
Hyundai,HYUNDAI MOTOR COMPANY,Venue,1.6,4,29,33,31,42.1677,30.6917,0,Naturally Aspirated,Selectable Continuously Variable (e.g. CVT with paddles),1,"2-Wheel Drive, Front",Gasoline (Regular Unleaded Recommended),1,Small SUV 2WD,0,1,0,0,6,6,291,0,0,HYUNDAI MOTOR COMPANY | VENUE,1,0,1,0
Nissan,INFINITI,QX50,2.0,4,23,29,26,35.9723,26.0,0,Turbocharged,Selectable Continuously Variable (e.g. CVT with paddles),8,"2-Wheel Drive, Front",Gasoline (Premium Unleaded Required),1,Small SUV 2WD,0,1,0,0,5,5,343,0,0,INFINITI | QX50,1,0,1,0
Kia,KIA,Niro,1.6,4,53,45,49,65.5114,48.9922,0,Naturally Aspirated,Automated Manual- Selectable (e.g. Automated Manual with paddles),6,"2-Wheel Drive, Front",Gasoline (Regular Unleaded Recommended),1,Small SUV 2WD,0,1,0,1,8,8,181,1,0,KIA | NIRO,1,0,1,0
Kia,KIA,Niro FE,1.6,4,53,54,53,68.6854,53.1066,0,Naturally Aspirated,Automated Manual- Selectable (e.g. Automated Manual with paddles),6,"2-Wheel Drive, Front",Gasoline (Regular Unleaded Recommended),1,Small SUV 2WD,0,1,0,1,8,8,167,1,0,KIA | NIRO FE,1,0,1,0
Kia,KIA,Seltos FWD,2.0,4,28,34,31,42.2156,30.8894,0,Naturally Aspirated,Selectable Continuously Variable (e.g. CVT with paddles),8,"2-Wheel Drive, Front",Gasoline (Regular Unleaded Recommended),1,Small SUV 2WD,0,1,0,1,6,6,288,0,0,KIA | SELTOS,1,0,1,0
Kia,KIA,Sorento FWD,2.5,4,20,29,23,30.7021,23.2827,0,Turbocharged,Automated Manual- Selectable (e.g. Automated Manual with paddles),8,"2-Wheel Drive, Front",Gasoline (Regular Unleaded Recommended),1,Small SUV 2WD,0,1,0,1,5,5,382,0,0,KIA | SORENTO,1,0,1,0
Kia,KIA,Sorento FWD,2.5,4,23,31,26,35.2019,26.3132,0,Naturally Aspirated,Semi-Automatic,8,"2-Wheel Drive, Front",Gasoline (Regular Unleaded Recommended),1,Small SUV 2WD,0,1,0,1,5,5,339,0,0,KIA | SORENTO,1,0,1,0
Kia,KIA,Sorento Hybrid FWD,1.6,4,39,35,37,52.0255,37.052,0,Turbocharged,Automated Manual- Selectable (e.g. Automated Manual with paddles),6,"2-Wheel Drive, Front",Gasoline (Regular Unleaded Recommended),1,Small SUV 2WD,0,1,0,1,7,7,242,1,0,KIA | SORENTO HYBRID,1,0,1,0
Kia,KIA,Sportage FWD,2.5,4,25,33,28,38.0238,28.1847,0,Naturally Aspirated,Semi-Automatic,8,"2-Wheel Drive, Front",Gasoline (Regular Unleaded Recommended),1,Small SUV 2WD,0,1,0,1,6,6,315,0,0,KIA | SPORTAGE,1,0,1,0
Kia,KIA,Telluride FWD,3.8,6,20,26,22,29.4792,22.3889,0,Naturally Aspirated,Semi-Automatic,8,"2-Wheel Drive, Front",Gasoline (Regular Unleaded Recommended),1,Small SUV 2WD,0,1,0,1,5,5,398,0,0,KIA | TELLURIDE,1,0,1,0
Toyota,LEXUS,NX 250,2.5,4,26,33,28,38.2701,28.3461,0,Naturally Aspirated,Semi-Automatic,8,"2-Wheel Drive, Front",Gasoline (Regular Unleaded Recommended),1,Small SUV 2WD,0,1,0,1,6,6,311,0,0,LEXUS | NX 250,1,0,1,0
Toyota,LEXUS,RX 350,2.4,4,22,29,25,33.0605,24.8612,0,Turbocharged,Semi-Automatic,8,"2-Wheel Drive, Front",Gasoline (Premium Unleaded Required),1,Small SUV 2WD,0,1,0,1,5,5,353,0,0,LEXUS | RX 350,1,0,1,0
Ford Motor Company,Lincoln,CORSAIR FWD,2.0,4,22,30,25,33.0558,24.8771,0,Turbocharged,Semi-Automatic,8,"2-Wheel Drive, Front",Gasoline (Regular Unleaded Recommended),1,Small SUV 2WD,0,1,0,1,5,5,356,0,0,LINCOLN | CORSAIR,1,0,1,0
Mercedes-Benz,Mercedes-Benz,GLC 300,2.0,4,24,32,27,36.642,27.2831,0,Turbocharged,Automatic,9,"2-Wheel Drive, Rear",Gasoline (Premium Unleaded Required),1,Small SUV 2WD,0,1,0,1,5,5,326,0,1,MERCEDES-BENZ | GLC 300,1,0,1,0
Nissan,MITSUBISHI MOTORS,Outlander 2WD,2.5,4,24,31,27,36.5519,27.2001,0,Naturally Aspirated,Selectable Continuously Variable (e.g. CVT with paddles),8,"2-Wheel Drive, Front",Gasoline (Regular Unleaded Recommended),1,Small SUV 2WD,0,1,0,0,5,5,331,0,0,MITSUBISHI MOTORS | OUTLANDER,1,0,1,0
Mitsubishi Motors Co,Mitsubishi Motors Corporation,ECLIPSE CROSS 2WD,1.5,4,25,28,26,37.2644,26.0,0,Turbocharged,Selectable Continuously Variable (e.g. CVT with paddles),8,"2-Wheel Drive, Front",Gasoline (Regular Unleaded Recommended),1,Small SUV 2WD,0,1,0,0,5,5,339,0,0,MITSUBISHI MOTORS CORPORATION | ECLIPSE CROSS,1,0,1,0
Mitsubishi Motors Co,Mitsubishi Motors Corporation,Outlander Sport 2WD,2.0,4,24,30,27,35.555,26.5094,0,Naturally Aspirated,Selectable Continuously Variable (e.g. CVT with paddles),6,"2-Wheel Drive, Front",Gasoline (Regular Unleaded Recommended),1,Small SUV 2WD,0,1,0,0,5,5,333,0,0,MITSUBISHI MOTORS CORPORATION | OUTLANDER SPORT,1,0,1,0
Nissan,NISSAN,PATHFINDER 2WD,3.5,6,20,27,23,27.6643,22.8755,0,Naturally Aspirated,Semi-Automatic,9,"2-Wheel Drive, Front",Gasoline (Regular Unleaded Recommended),1,Small SUV 2WD,0,1,0,1,5,5,388,0,0,NISSAN | PATHFINDER,1,0,1,0
Nissan,NISSAN,ROGUE FWD,1.5,3,30,37,33,47.2079,33.0,0,Turbocharged,Selectable Continuously Variable (e.g. CVT with paddles),8,"2-Wheel Drive, Front",Gasoline (Regular Unleaded Recommended),1,Small SUV 2WD,0,1,0,1,6,6,269,0,0,NISSAN | ROGUE,1,0,1,0
Nissan,NISSAN,ROGUE FWD SL/PLATINUM,1.5,3,29,36,32,46.3338,32.0,0,Turbocharged,Selectable Continuously Variable (e.g. CVT with paddles),8,"2-Wheel Drive, Front",Gasoline (Regular Unleaded Recommended),1,Small SUV 2WD,0,1,0,1,6,6,278,0,0,NISSAN | ROGUE SL/PLATINUM,1,0,1,0
Toyota,TOYOTA,COROLLA CROSS,2.0,4,31,33,32,46.056,31.7443,0,Naturally Aspirated,Selectable Continuously Variable (e.g. CVT with paddles),10,"2-Wheel Drive, Front",Gasoline (Regular Unleaded Recommended),1,Small SUV 2WD,0,1,0,1,6,6,276,0,0,TOYOTA | COROLLA CROSS,1,0,1,0
Toyota,TOYOTA,HIGHLANDER,2.4,4,22,29,25,32.8771,24.7345,0,Turbocharged,Semi-Automatic,8,"2-Wheel Drive, Front",Gasoline (Regular Unleaded Recommended),1,Small SUV 2WD,0,1,0,1,5,5,359,0,0,TOYOTA | HIGHLANDER,1,0,1,0
Toyota,TOYOTA,HIGHLANDER,2.4,4,21,28,24,31.4314,23.7575,0,Turbocharged,Semi-Automatic,8,"2-Wheel Drive, Front",Gasoline (Regular Unleaded Recommended),1,Small SUV 2WD,0,1,0,0,5,5,370,0,0,TOYOTA | HIGHLANDER,1,0,1,0
Toyota,TOYOTA,HIGHLANDER HYBRID,2.5,4,36,35,36,48.7988,35.8587,0,Naturally Aspirated,Selectable Continuously Variable (e.g. CVT with paddles),6,"2-Wheel Drive, Front",Gasoline (Regular Unleaded Recommended),1,Small SUV 2WD,0,1,0,1,7,7,245,1,0,TOYOTA | HIGHLANDER HYBRID,1,0,1,0
Toyota,TOYOTA,RAV4,2.5,4,27,35,30,41.2321,30.2814,0,Naturally Aspirated,Semi-Automatic,8,"2-Wheel Drive, Front",Gasoline (Regular Unleaded Recommended),1,Small SUV 2WD,0,1,0,1,6,6,292,0,0,TOYOTA | RAV4,1,0,1,0
Volkswagen Group of,Volkswagen,Atlas,2.0,4,20,27,23,29.6562,22.5152,0,Turbocharged,Semi-Automatic,8,"2-Wheel Drive, Front",Gasoline (Regular Unleaded Recommended),1,Small SUV 2WD,0,1,1,1,5,5,393,0,0,VOLKSWAGEN | ATLAS,1,0,1,0
Volkswagen Group of,Volkswagen,Atlas Cross Sport,2.0,4,20,27,23,29.6562,22.5152,0,Turbocharged,Semi-Automatic,8,"2-Wheel Drive, Front",Gasoline (Regular Unleaded Recommended),1,Small SUV 2WD,0,1,1,1,5,5,393,0,0,VOLKSWAGEN | ATLAS CROSS SPORT,1,0,1,0
Volkswagen Group of,Volkswagen,Taos,1.5,4,28,36,31,42.6361,31.2227,0,Turbocharged,Semi-Automatic,8,"2-Wheel Drive, Front",Gasoline (Regular Unleaded Recommended),1,Small SUV 2WD,0,1,0,1,6,6,286,0,0,VOLKSWAGEN | TAOS,1,0,1,0
Volkswagen Group of,Volkswagen,Tiguan,2.0,4,23,30,26,34.5141,25.8431,0,Turbocharged,Semi-Automatic,8,"2-Wheel Drive, Front",Gasoline (Regular Unleaded Recommended),1,Small SUV 2WD,0,1,1,1,5,5,345,0,0,VOLKSWAGEN | TIGUAN,1,0,1,0
Volkswagen Group of,Volkswagen,Tiguan S,2.0,4,24,31,27,36.0918,26.899,0,Turbocharged,Semi-Automatic,8,"2-Wheel Drive, Front",Gasoline (Regular Unleaded Recommended),1,Small SUV 2WD,0,1,1,1,5,5,331,0,0,VOLKSWAGEN | TIGUAN S,1,0,1,0
Honda,Acura,MDX AWD,3.5,6,19,25,21,27.7745,21.2158,0,Naturally Aspirated,Semi-Automatic,10,All Wheel Drive,Gasoline (Premium Unleaded Recommended),1,Small SUV 4WD,1,1,1,1,4,4,423,0,0,ACURA | MDX,1,1,1,0
Honda,Acura,RDX AWD,2.0,4,21,27,23,31.4871,23.0,0,Turbocharged,Semi-Automatic,10,All Wheel Drive,Gasoline (Premium Unleaded Recommended),1,Small SUV 4WD,0,1,1,1,5,5,385,0,0,ACURA | RDX,1,1,1,0
Honda,Acura,RDX AWD A-SPEC,2.0,4,21,26,23,30.8976,22.932,0,Turbocharged,Semi-Automatic,10,All Wheel Drive,Gasoline (Premium Unleaded Recommended),1,Small SUV 4WD,0,1,1,1,5,5,386,0,0,ACURA | RDX A-SPEC,1,1,1,0
FCA US LLC,ALFA ROMEO,Stelvio AWD,2.0,4,22,28,24,32.4189,24.4128,0,Turbocharged,Automatic,8,All Wheel Drive,Gasoline (Premium Unleaded Recommended),1,Small SUV 4WD,0,1,1,1,5,5,364,0,0,ALFA ROMEO | STELVIO,1,1,1,0
FCA US LLC,ALFA ROMEO,Stelvio AWD,2.9,6,17,23,19,24.8649,19.141,0,Turbocharged,Automatic,8,All Wheel Drive,Gasoline (Premium Unleaded Recommended),1,Small SUV 4WD,1,1,0,1,4,4,463,0,0,ALFA ROMEO | STELVIO,1,1,1,0
Volkswagen Group of,Audi,Q3 quattro,2.0,4,22,29,25,32.9053,24.7552,0,Turbocharged,Semi-Automatic,8,All Wheel Drive,Gasoline (Regular Unleaded Recommended),1,Small SUV 4WD,0,1,1,1,5,5,360,0,0,AUDI | Q3,1,1,1,0
Volkswagen Group of,Audi,Q3 S line quattro,2.0,4,20,28,23,30.5669,23.158,0,Turbocharged,Semi-Automatic,8,All Wheel Drive,Gasoline (Regular Unleaded Recommended),1,Small SUV 4WD,0,1,1,1,5,5,384,0,0,AUDI | Q3 S LINE,1,1,1,0
Volkswagen Group of,Audi,Q5 quattro,2.0,4,23,29,26,34.3107,25.6843,0,Turbocharged,Automated Manual- Selectable (e.g. Automated Manual with paddles),7,All Wheel Drive,Gasoline (Premium Unleaded Recommended),1,Small SUV 4WD,0,1,1,1,5,5,346,0,1,AUDI | Q5,1,1,1,0
Volkswagen Group of,Audi,Q5 S line quattro,2.0,4,22,28,24,31.5181,24.1683,0,Turbocharged,Automated Manual- Selectable (e.g. Automated Manual with paddles),7,All Wheel Drive,Gasoline (Premium Unleaded Recommended),1,Small SUV 4WD,0,1,1,1,5,5,366,0,1,AUDI | Q5 S LINE,1,1,1,0
Volkswagen Group of,Audi,Q5 Sportback S line quattro,2.0,4,22,28,24,31.5181,24.1683,0,Turbocharged,Automated Manual- Selectable (e.g. Automated Manual with paddles),7,All Wheel Drive,Gasoline (Premium Unleaded Recommended),1,Small SUV 4WD,0,1,1,1,5,5,366,0,1,AUDI | Q5 SPORTBACK S LINE,1,1,1,0
Volkswagen Group of,Audi,SQ5,3.0,6,19,24,21,27.1812,20.7618,0,Turbocharged,Semi-Automatic,8,All Wheel Drive,Gasoline (Premium Unleaded Recommended),1,Small SUV 4WD,0,1,1,1,4,4,427,0,0,AUDI | SQ5,1,1,1,0
Volkswagen Group of,Audi,SQ5 Sportback,3.0,6,19,24,21,27.1812,20.7618,0,Turbocharged,Semi-Automatic,8,All Wheel Drive,Gasoline (Premium Unleaded Recommended),1,Small SUV 4WD,0,1,1,1,4,4,427,0,0,AUDI | SQ5 SPORTBACK,1,1,1,0
BMW,BMW,X1 M35i,2.0,4,23,31,26,35.0386,26.2141,0,Turbocharged,Automated Manual- Selectable (e.g. Automated Manual with paddles),7,All Wheel Drive,Gasoline (Premium Unleaded Recommended),1,Small SUV 4WD,0,1,1,1,5,5,334,0,0,BMW | X1 M35I,1,1,1,0
BMW,BMW,X1 xDrive28i,2.0,4,25,34,28,37.5387,27.9064,0,Turbocharged,Automated Manual- Selectable (e.g. Automated Manual with paddles),7,All Wheel Drive,Gasoline (Premium Unleaded Recommended),1,Small SUV 4WD,0,1,1,1,6,6,314,0,0,BMW | X1 XDRIVE28I,1,1,1,0
BMW,BMW,X2 M35i,2.0,4,23,32,26,35.1315,26.3066,0,Turbocharged,Automated Manual- Selectable (e.g. Automated Manual with paddles),7,All Wheel Drive,Gasoline (Premium Unleaded Recommended),1,Small SUV 4WD,0,1,1,1,5,5,333,0,0,BMW | X2 M35I,1,1,1,0
BMW,BMW,X2 xDrive28i,2.0,4,24,33,28,37.0734,27.593,0,Turbocharged,Automated Manual- Selectable (e.g. Automated Manual with paddles),7,All Wheel Drive,Gasoline (Premium Unleaded Recommended),1,Small SUV 4WD,0,1,1,1,6,6,318,0,0,BMW | X2 XDRIVE28I,1,1,1,0
BMW,BMW,X3 M,3.0,6,15,20,17,21.7837,16.9174,0,Turbocharged,Semi-Automatic,8,All Wheel Drive,Gasoline (Premium Unleaded Recommended),1,Small SUV 4WD,0,1,1,1,3,3,519,0,0,BMW | X3 M,1,1,1,0
BMW,BMW,X3 M Competition,3.0,6,15,20,17,21.7837,16.9174,0,Turbocharged,Semi-Automatic,8,All Wheel Drive,Gasoline (Premium Unleaded Recommended),1,Small SUV 4WD,0,1,1,1,3,3,519,0,0,BMW | X3 M COMPETITION,1,1,1,0
BMW,BMW,X3 M40i,3.0,6,21,26,23,30.9183,23.3373,0,Turbocharged,Semi-Automatic,8,All Wheel Drive,Gasoline (Premium Unleaded Recommended),1,Small SUV 4WD,0,1,1,1,5,5,378,0,1,BMW | X3 M40I,1,1,1,0
BMW,BMW,X3 xDrive30i,2.0,4,21,28,24,31.5873,23.8445,0,Turbocharged,Semi-Automatic,8,All Wheel Drive,Gasoline (Premium Unleaded Recommended),1,Small SUV 4WD,0,1,1,1,5,5,369,0,0,BMW | X3 XDRIVE30I,1,1,1,0
BMW,BMW,X4 M,3.0,6,15,20,17,21.7837,16.9174,0,Turbocharged,Semi-Automatic,8,All Wheel Drive,Gasoline (Premium Unleaded Recommended),1,Small SUV 4WD,0,1,1,1,3,3,519,0,0,BMW | X4 M,1,1,1,0
BMW,BMW,X4 M Competition,3.0,6,15,20,17,21.7837,16.9174,0,Turbocharged,Semi-Automatic,8,All Wheel Drive,Gasoline (Premium Unleaded Recommended),1,Small SUV 4WD,0,1,1,1,3,3,519,0,0,BMW | X4 M COMPETITION,1,1,1,0
BMW,BMW,X4 M40i,3.0,6,21,26,23,30.9183,23.3373,0,Turbocharged,Semi-Automatic,8,All Wheel Drive,Gasoline (Premium Unleaded Recommended),1,Small SUV 4WD,0,1,1,1,5,5,378,0,1,BMW | X4 M40I,1,1,1,0
BMW,BMW,X4 xDrive30i,2.0,4,21,28,24,31.5873,23.8445,0,Turbocharged,Semi-Automatic,8,All Wheel Drive,Gasoline (Premium Unleaded Recommended),1,Small SUV 4WD,0,1,1,1,5,5,369,0,0,BMW | X4 XDRIVE30I,1,1,1,0
General Motors,Buick,ENCORE GX AWD,1.3,3,26,28,27,37.2095,27.0814,0,Turbocharged,Automatic,9,All Wheel Drive,Gasoline (Regular Unleaded Recommended),1,Small SUV 4WD,0,1,0,1,5,5,333,0,0,BUICK | ENCORE GX,1,1,1,0
General Motors,Cadillac,XT4 AWD,2.0,4,23,28,25,33.407,24.708,0,Turbocharged,Semi-Automatic,9,All Wheel Drive,Gasoline (Premium Unleaded Required),1,Small SUV 4WD,1,1,1,1,5,5,360,0,0,CADILLAC | XT4,1,1,1,0
General Motors,Cadillac,XT5 AWD,2.0,4,21,27,23,31.8772,23.0,0,Turbocharged,Semi-Automatic,9,All Wheel Drive,Gasoline (Premium Unleaded Required),1,Small SUV 4WD,1,1,1,1,5,5,386,0,0,CADILLAC | XT5,1,1,1,0
General Motors,Cadillac,XT5 AWD,3.6,6,18,26,21,27.3842,20.9512,0,Naturally Aspirated,Semi-Automatic,9,All Wheel Drive,Gasoline (Regular Unleaded Recommended),1,Small SUV 4WD,1,1,0,1,4,4,424,0,0,CADILLAC | XT5,1,1,1,0
General Motors,Cadillac,XT6 AWD,2.0,4,21,26,23,31.8772,23.0,0,Turbocharged,Semi-Automatic,9,All Wheel Drive,Gasoline (Premium Unleaded Required),1,Small SUV 4WD,1,1,1,1,5,5,386,0,0,CADILLAC | XT6,1,1,1,0
General Motors,Cadillac,XT6 AWD,3.6,6,18,25,21,26.7821,20.519,0,Naturally Aspirated,Semi-Automatic,9,All Wheel Drive,Gasoline (Regular Unleaded Recommended),1,Small SUV 4WD,1,1,0,1,4,4,433,0,0,CADILLAC | XT6,1,1,1,0
General Motors,Chevrolet,BLAZER AWD,2.0,4,22,27,24,32.5166,24.4647,0,Turbocharged,Automatic,9,All Wheel Drive,Gasoline (Regular Unleaded Recommended),1,Small SUV 4WD,1,1,1,1,5,5,368,0,0,CHEVROLET | BLAZER,1,1,1,0
General Motors,Chevrolet,BLAZER AWD,3.6,6,18,26,21,27.5408,21.0637,0,Naturally Aspirated,Automatic,9,All Wheel Drive,Gasoline (Regular Unleaded Recommended),1,Small SUV 4WD,1,1,0,1,4,4,422,0,0,CHEVROLET | BLAZER,1,1,1,0
General Motors,Chevrolet,EQUINOX AWD,1.5,4,24,30,26,35.7219,26.0,0,Turbocharged,Automatic,6,All Wheel Drive,Gasoline (Regular Unleaded Recommended),1,Small SUV 4WD,0,1,0,1,5,5,339,0,0,CHEVROLET | EQUINOX,1,1,1,0
General Motors,Chevrolet,TRAILBLAZER AWD,1.3,3,26,29,27,38.8088,27.0,0,Turbocharged,Automatic,9,All Wheel Drive,Gasoline (Regular Unleaded Recommended),1,Small SUV 4WD,0,1,0,1,5,5,329,0,0,CHEVROLET | TRAILBLAZER,1,1,1,0
FCA US LLC,Dodge,Hornet AWD,2.0,4,21,29,24,31.5916,23.876,0,Turbocharged,Automatic,9,All Wheel Drive,Gasoline (Regular Unleaded Recommended),1,Small SUV 4WD,0,1,0,1,5,5,371,0,0,DODGE | HORNET,1,1,1,0
Ford Motor Company,Ford,BRONCO 4WD,2.3,4,20,21,20,28.2292,20.459,0,Turbocharged,Semi-Automatic,10,Part-time 4-Wheel Drive,Gasoline (Regular Unleaded Recommended),1,Small SUV 4WD,0,1,0,1,4,4,444,0,0,FORD | BRONCO,1,1,1,0
Ford Motor Company,Ford,BRONCO 4WD,2.3,4,20,21,20,27.7568,20.2672,0,Turbocharged,Manual,7,Part-time 4-Wheel Drive,Gasoline (Regular Unleaded Recommended),1,Small SUV 4WD,0,1,0,1,4,4,438,0,0,FORD | BRONCO,0,1,1,0
Ford Motor Company,Ford,BRONCO 4WD,2.7,6,19,21,20,27.2141,19.7247,0,Turbocharged,Semi-Automatic,10,Part-time 4-Wheel Drive,Gasoline (Regular Unleaded Recommended),1,Small SUV 4WD,0,1,0,1,4,4,452,0,0,FORD | BRONCO,1,1,1,0
Ford Motor Company,Ford,BRONCO BADLANDS 4WD,2.3,4,16,18,17,22.9163,16.8596,0,Turbocharged,Manual,7,Part-time 4-Wheel Drive,Gasoline (Regular Unleaded Recommended),1,Small SUV 4WD,0,1,0,1,3,3,526,0,0,FORD | BRONCO BADLANDS,0,1,1,0
Ford Motor Company,Ford,BRONCO BADLANDS 4WD,2.7,6,17,17,17,23.6715,17.3563,0,Turbocharged,Semi-Automatic,10,Part-time 4-Wheel Drive,Gasoline (Regular Unleaded Recommended),1,Small SUV 4WD,0,1,0,1,3,3,523,0,0,FORD | BRONCO BADLANDS,1,1,1,0
Ford Motor Company,Ford,BRONCO BLACK DIAMOND 4WD,2.3,4,18,18,18,28.167,18.0,0,Turbocharged,Semi-Automatic,10,Part-time 4-Wheel Drive,Gasoline (Regular Unleaded Recommended),1,Small SUV 4WD,0,1,0,1,4,4,494,0,0,FORD | BRONCO BLACK DIAMOND,1,1,1,0
Ford Motor Company,Ford,BRONCO BLACK DIAMOND 4WD,2.3,4,16,18,17,27.6579,17.0,0,Turbocharged,Manual,7,Part-time 4-Wheel Drive,Gasoline (Regular Unleaded Recommended),1,Small SUV 4WD,0,1,0,1,3,3,523,0,0,FORD | BRONCO BLACK DIAMOND,0,1,1,0
Ford Motor Company,Ford,BRONCO BLACK DIAMOND 4WD,2.7,6,18,18,18,27.2141,18.0,0,Turbocharged,Semi-Automatic,10,Part-time 4-Wheel Drive,Gasoline (Regular Unleaded Recommended),1,Small SUV 4WD,0,1,0,1,4,4,495,0,0,FORD | BRONCO BLACK DIAMOND,1,1,1,0
Ford Motor Company,Ford,BRONCO SASQUATCH 4WD,2.3,4,18,17,18,26.9784,18.0,0,Turbocharged,Semi-Automatic,10,Part-time 4-Wheel Drive,Gasoline (Regular Unleaded Recommended),1,Small SUV 4WD,0,1,0,1,4,4,494,0,0,FORD | BRONCO SASQUATCH,1,1,1,0
Ford Motor Company,Ford,BRONCO SASQUATCH 4WD,2.3,4,16,18,17,27.6579,17.0,0,Turbocharged,Manual,7,Part-time 4-Wheel Drive,Gasoline (Regular Unleaded Recommended),1,Small SUV 4WD,0,1,0,1,3,3,523,0,0,FORD | BRONCO SASQUATCH,0,1,1,0
Ford Motor Company,Ford,BRONCO SASQUATCH 4WD,2.7,6,17,17,17,23.0264,17.0077,0,Turbocharged,Semi-Automatic,10,Part-time 4-Wheel Drive,Gasoline (Regular Unleaded Recommended),1,Small SUV 4WD,0,1,0,1,3,3,522,0,0,FORD | BRONCO SASQUATCH,1,1,1,0
Ford Motor Company,Ford,BRONCO SPORT 4WD,1.5,3,25,29,26,36.9148,26.0,0,Turbocharged,Automatic,8,All Wheel Drive,Gasoline (Regular Unleaded Recommended),1,Small SUV 4WD,1,1,0,1,5,5,342,0,0,FORD | BRONCO SPORT,1,1,1,0
Ford Motor Company,Ford,BRONCO SPORT 4WD,2.0,4,21,26,23,30.8976,23.3625,0,Turbocharged,Semi-Automatic,8,Part-time 4-Wheel Drive,Gasoline (Regular Unleaded Recommended),1,Small SUV 4WD,0,1,0,1,5,5,386,0,0,FORD | BRONCO SPORT,1,1,1,0
Ford Motor Company,Ford,EDGE AWD,2.0,4,21,28,23,30.9405,23.4295,0,Turbocharged,Automatic,8,All Wheel Drive,Gasoline (Regular Unleaded Recommended),1,Small SUV 4WD,0,1,0,1,5,5,380,0,0,FORD | EDGE,1,1,1,0
Ford Motor Company,Ford,EDGE AWD,2.0,4,21,28,23,30.9159,23.4121,0,Turbocharged,Semi-Automatic,8,All Wheel Drive,Gasoline (Regular Unleaded Recommended),1,Small SUV 4WD,0,1,0,1,5,5,380,0,0,FORD | EDGE,1,1,1,0
Ford Motor Company,Ford,EDGE AWD,2.7,6,19,25,21,27.8103,21.2382,0,Turbocharged,Semi-Automatic,8,All Wheel Drive,Gasoline (Regular Unleaded Recommended),1,Small SUV 4WD,0,1,0,1,4,4,418,0,0,FORD | EDGE,1,1,1,0
Ford Motor Company,Ford,ESCAPE AWD,1.5,3,26,32,28,38.5605,28.0,0,Turbocharged,Automatic,8,All Wheel Drive,Gasoline (Regular Unleaded Recommended),1,Small SUV 4WD,0,1,0,1,6,6,317,0,0,FORD | ESCAPE,1,1,1,0
Ford Motor Company,Ford,ESCAPE AWD,2.0,4,23,31,26,35.2815,26.4115,0,Turbocharged,Automatic,8,All Wheel Drive,Gasoline (Regular Unleaded Recommended),1,Small SUV 4WD,0,1,0,1,5,5,341,0,0,FORD | ESCAPE,1,1,1,0
Ford Motor Company,Ford,ESCAPE AWD HEV,2.5,4,42,36,39,55.9527,39.1076,0,Naturally Aspirated,Continuously Variable,1,Part-time 4-Wheel Drive,Gasoline (Regular Unleaded Recommended),1,Small SUV 4WD,0,1,0,1,7,7,225,1,0,FORD | ESCAPE HEV,1,1,1,0
Hyundai,GENESIS,GV70 AWD,2.5,4,22,28,24,32.267,24.2984,0,Turbocharged,Semi-Automatic,8,All Wheel Drive,Gasoline (Premium Unleaded Recommended),1,Small SUV 4WD,0,1,0,1,5,5,369,0,0,GENESIS | GV70,1,1,1,0
Hyundai,GENESIS,GV70 AWD,2.5,4,19,26,22,28.6698,21.8241,0,Turbocharged,Semi-Automatic,8,All Wheel Drive,Gasoline (Premium Unleaded Recommended),1,Small SUV 4WD,0,1,0,1,5,5,408,0,0,GENESIS | GV70,1,1,1,0
Hyundai,GENESIS,GV70 AWD,3.5,6,18,24,20,26.5652,20.3332,0,Turbocharged,Semi-Automatic,8,All Wheel Drive,Gasoline (Premium Unleaded Recommended),1,Small SUV 4WD,0,1,0,1,4,4,441,0,0,GENESIS | GV70,1,1,1,0
General Motors,GMC,TERRAIN AWD,1.5,4,23,28,25,34.3656,25.0,0,Turbocharged,Automatic,9,All Wheel Drive,Gasoline (Regular Unleaded Recommended),1,Small SUV 4WD,0,1,0,1,5,5,356,0,0,GMC | TERRAIN,1,1,1,0
Honda,Honda,CR-V AWD,1.5,4,27,32,29,39.1219,28.8493,0,Turbocharged,Continuously Variable,1,All Wheel Drive,Gasoline (Regular Unleaded Recommended),1,Small SUV 4WD,0,1,1,1,6,6,305,0,0,HONDA | CR-V,1,1,1,0
Honda,Honda,CR-V AWD,2.0,4,40,34,37,52.9245,37.2749,0,Naturally Aspirated,Continuously Variable,1,All Wheel Drive,Gasoline (Regular Unleaded Recommended),1,Small SUV 4WD,0,1,0,1,7,7,237,1,0,HONDA | CR-V,1,1,1,0
Honda,Honda,PASSPORT AWD,3.5,6,19,24,21,28.0722,21.3814,0,Naturally Aspirated,Semi-Automatic,9,All Wheel Drive,Gasoline (Regular Unleaded Recommended),1,Small SUV 4WD,1,1,1,1,4,4,416,0,0,HONDA | PASSPORT,1,1,1,0
Hyundai,HYUNDAI MOTOR COMPANY,Kona AWD,1.6,4,24,29,26,36.2716,26.3518,0,Turbocharged,Semi-Automatic,8,All Wheel Drive,Gasoline (Regular Unleaded Recommended),1,Small SUV 4WD,0,1,0,0,5,5,337,0,0,HYUNDAI MOTOR COMPANY | KONA,1,1,1,0
Hyundai,HYUNDAI MOTOR COMPANY,Kona AWD,2.0,4,26,29,27,39.1818,27.316,0,Naturally Aspirated,Selectable Continuously Variable (e.g. CVT with paddles),1,All Wheel Drive,Gasoline (Regular Unleaded Recommended),1,Small SUV 4WD,0,1,0,0,5,5,323,0,0,HYUNDAI MOTOR COMPANY | KONA,1,1,1,0
Hyundai,HYUNDAI MOTOR COMPANY,Kona AWD,2.0,4,27,29,28,39.9131,27.7534,0,Naturally Aspirated,Selectable Continuously Variable (e.g. CVT with paddles),1,All Wheel Drive,Gasoline (Regular Unleaded Recommended),1,Small SUV 4WD,0,1,0,1,6,6,319,0,0,HYUNDAI MOTOR COMPANY | KONA,1,1,1,0
Hyundai,HYUNDAI MOTOR COMPANY,Palisade AWD,3.8,6,19,24,21,27.8788,21.2429,0,Naturally Aspirated,Semi-Automatic,8,All Wheel Drive,Gasoline (Regular Unleaded Recommended),1,Small SUV 4WD,0,1,0,1,4,4,420,0,0,HYUNDAI MOTOR COMPANY | PALISADE,1,1,1,0
Hyundai,HYUNDAI MOTOR COMPANY,Santa Cruz AWD,2.5,4,19,27,22,29.2416,22.2572,0,Turbocharged,Automated Manual- Selectable (e.g. Automated Manual with paddles),8,All Wheel Drive,Gasoline (Regular Unleaded Recommended),1,Small SUV 4WD,0,1,0,0,5,5,403,0,0,HYUNDAI MOTOR COMPANY | SANTA CRUZ,1,1,1,0
Hyundai,HYUNDAI MOTOR COMPANY,Santa Cruz AWD,2.5,4,21,25,23,30.6873,22.6462,0,Naturally Aspirated,Semi-Automatic,8,All Wheel Drive,Gasoline (Regular Unleaded Recommended),1,Small SUV 4WD,0,1,0,0,5,5,390,0,0,HYUNDAI MOTOR COMPANY | SANTA CRUZ,1,1,1,0
Hyundai,HYUNDAI MOTOR COMPANY,Santa Fe AWD,2.5,4,20,28,23,29.8306,22.6683,0,Turbocharged,Automated Manual- Selectable (e.g. Automated Manual with paddles),8,All Wheel Drive,Gasoline (Regular Unleaded Recommended),1,Small SUV 4WD,0,1,0,1,5,5,392,0,0,HYUNDAI MOTOR COMPANY | SANTA FE,1,1,1,0
Hyundai,HYUNDAI MOTOR COMPANY,Santa Fe AWD XRT,2.5,4,19,26,22,28.5744,21.7643,0,Turbocharged,Automated Manual- Selectable (e.g. Automated Manual with paddles),8,All Wheel Drive,Gasoline (Regular Unleaded Recommended),1,Small SUV 4WD,0,1,0,1,5,5,409,0,0,HYUNDAI MOTOR COMPANY | SANTA FE XRT,1,1,1,0
Hyundai,HYUNDAI MOTOR COMPANY,Tucson AWD,2.5,4,23,29,25,33.9848,25.4442,0,Naturally Aspirated,Semi-Automatic,8,All Wheel Drive,Gasoline (Regular Unleaded Recommended),1,Small SUV 4WD,0,1,0,0,5,5,349,0,0,HYUNDAI MOTOR COMPANY | TUCSON,1,1,1,0
Hyundai,HYUNDAI MOTOR COMPANY,Tucson Hybrid,1.6,4,37,36,37,49.4483,36.6123,0,Turbocharged,Automated Manual- Selectable (e.g. Automated Manual with paddles),6,All Wheel Drive,Gasoline (Regular Unleaded Recommended),1,Small SUV 4WD,0,1,0,1,7,7,245,1,0,HYUNDAI MOTOR COMPANY | TUCSON HYBRID,1,1,1,0
Hyundai,HYUNDAI MOTOR COMPANY,Tucson Hybrid Blue,1.6,4,38,38,38,50.1767,37.7332,0,Turbocharged,Automated Manual- Selectable (e.g. Automated Manual with paddles),6,All Wheel Drive,Gasoline (Regular Unleaded Recommended),1,Small SUV 4WD,0,1,0,1,7,7,238,1,0,HYUNDAI MOTOR COMPANY | TUCSON HYBRID BLUE,1,1,1,0
Nissan,INFINITI,QX50 AWD,2.0,4,22,28,25,34.3251,25.0,0,Turbocharged,Selectable Continuously Variable (e.g. CVT with paddles),8,All Wheel Drive,Gasoline (Premium Unleaded Required),1,Small SUV 4WD,0,1,0,0,5,5,357,0,0,INFINITI | QX50,1,1,1,0
Nissan,INFINITI,QX55 AWD,2.0,4,22,28,25,33.3123,24.9977,0,Turbocharged,Selectable Continuously Variable (e.g. CVT with paddles),8,All Wheel Drive,Gasoline (Premium Unleaded Required),1,Small SUV 4WD,0,1,0,0,5,5,364,0,0,INFINITI | QX55,1,1,1,0
Jaguar Land Rover L,Jaguar,E-PACE,2.0,4,20,26,23,30.0905,22.5414,0,Turbocharged,Semi-Automatic,9,All Wheel Drive,Gasoline (Premium Unleaded Recommended),1,Small SUV 4WD,0,1,0,1,5,5,398,0,0,JAGUAR | E-PACE,1,1,1,0
Jaguar Land Rover L,Jaguar,F-PACE,2.0,4,22,27,24,31.5137,23.7359,0,Turbocharged,Semi-Automatic,8,All Wheel Drive,Gasoline (Premium Unleaded Recommended),1,Small SUV 4WD,0,1,1,1,5,5,376,0,0,JAGUAR | F-PACE,1,1,1,0
Jaguar Land Rover L,Jaguar,F-PACE P400 MHEV,3.0,6,19,25,21,27.6394,21.1241,0,Turbocharged+Supercharged,Semi-Automatic,8,4-Wheel Drive,Gasoline (Premium Unleaded Recommended),1,Small SUV 4WD,0,1,0,1,4,4,420,0,1,JAGUAR | F-PACE P400 MHEV,1,1,1,0
Jaguar Land Rover L,Jaguar,F-PACE SVR,5.0,8,15,21,17,22.03,17.0813,0,Supercharged,Semi-Automatic,8,All Wheel Drive,Gasoline (Premium Unleaded Recommended),1,Small SUV 4WD,0,1,0,1,3,3,518,0,0,JAGUAR | F-PACE SVR,1,1,1,0
FCA US LLC,Jeep,Compass 4X4,2.0,4,24,32,27,36.0154,26.8751,0,Turbocharged,Automatic,8,All Wheel Drive,Gasoline (Regular Unleaded Recommended),1,Small SUV 4WD,0,1,0,1,5,5,330,0,0,JEEP | COMPASS 4X4,1,1,1,0
FCA US LLC,Jeep,Wrangler 2dr 4X4,2.0,4,20,23,21,29.3952,21.3803,0,Turbocharged,Automatic,8,4-Wheel Drive,Gasoline (Regular Unleaded Recommended),1,Small SUV 4WD,0,1,0,1,4,4,416,0,0,JEEP | WRANGLER 2DR 4X4,1,1,1,0
FCA US LLC,Jeep,Wrangler 2dr 4X4,3.6,6,18,24,20,26.5237,20.3107,0,Naturally Aspirated,Automatic,8,4-Wheel Drive,Gasoline (Regular Unleaded Recommended),1,Small SUV 4WD,0,1,0,1,4,4,437,0,0,JEEP | WRANGLER 2DR 4X4,1,1,1,0
FCA US LLC,Jeep,Wrangler 2dr 4X4,3.6,6,17,23,19,24.9741,19.2247,0,Naturally Aspirated,Manual,6,4-Wheel Drive,Gasoline (Regular Unleaded Recommended),1,Small SUV 4WD,0,1,0,1,4,4,462,0,0,JEEP | WRANGLER 2DR 4X4,0,1,1,0
FCA US LLC,Jeep,Wrangler 4dr 4X4,2.0,4,20,22,21,28.646,20.8822,0,Turbocharged,Automatic,8,4-Wheel Drive,Gasoline (Regular Unleaded Recommended),1,Small SUV 4WD,0,1,0,1,4,4,426,0,0,JEEP | WRANGLER 4DR 4X4,1,1,1,0
FCA US LLC,Jeep,Wrangler 4dr 4X4,3.6,6,18,23,20,25.6671,19.7064,0,Naturally Aspirated,Automatic,8,4-Wheel Drive,Gasoline (Regular Unleaded Recommended),1,Small SUV 4WD,0,1,0,1,4,4,451,0,0,JEEP | WRANGLER 4DR 4X4,1,1,1,0
FCA US LLC,Jeep,Wrangler 4dr 4X4,3.6,6,16,22,19,24.1909,18.6657,0,Naturally Aspirated,Manual,6,4-Wheel Drive,Gasoline (Regular Unleaded Recommended),1,Small SUV 4WD,0,1,0,1,4,4,476,0,0,JEEP | WRANGLER 4DR 4X4,0,1,1,0
FCA US LLC,Jeep,Wrangler 4dr 4X4,6.4,8,13,16,14,17.8621,14.0138,0,Naturally Aspirated,Automatic,8,4-Wheel Drive,Gasoline (Premium Unleaded Recommended),1,Small SUV 4WD,1,0,0,0,2,2,633,0,0,JEEP | WRANGLER 4DR 4X4,1,1,1,0
FCA US LLC,Jeep,Wrangler Rubicon 2dr 4X4,3.6,6,16,20,18,22.9716,17.7371,0,Naturally Aspirated,Automatic,8,4-Wheel Drive,Gasoline (Regular Unleaded Recommended),1,Small SUV 4WD,0,1,0,1,4,4,501,0,0,JEEP | WRANGLER RUBICON 2DR 4X4,1,1,1,0
FCA US LLC,Jeep,Wrangler Rubicon 4dr 4X4,3.6,6,16,19,17,22.1931,17.175,0,Naturally Aspirated,Automatic,8,4-Wheel Drive,Gasoline (Regular Unleaded Recommended),1,Small SUV 4WD,0,1,0,1,3,3,518,0,0,JEEP | WRANGLER RUBICON 4DR 4X4,1,1,1,0
Kia,KIA,Seltos AWD,1.6,4,25,27,26,36.0479,25.962,0,Turbocharged,Semi-Automatic,8,All Wheel Drive,Gasoline (Regular Unleaded Recommended),1,Small SUV 4WD,0,1,0,0,5,5,343,0,0,KIA | SELTOS,1,1,1,0
Kia,KIA,Seltos AWD,2.0,4,27,31,29,38.921,28.7128,0,Naturally Aspirated,Selectable Continuously Variable (e.g. CVT with paddles),8,All Wheel Drive,Gasoline (Regular Unleaded Recommended),1,Small SUV 4WD,0,1,0,1,6,6,309,0,0,KIA | SELTOS,1,1,1,0
Kia,KIA,Sorento AWD,2.5,4,20,27,23,30.2299,22.9156,0,Turbocharged,Automated Manual- Selectable (e.g. Automated Manual with paddles),8,All Wheel Drive,Gasoline (Regular Unleaded Recommended),1,Small SUV 4WD,0,1,0,1,5,5,389,0,0,KIA | SORENTO,1,1,1,0
Kia,KIA,Sorento AWD,2.5,4,23,28,25,33.2608,24.9377,0,Naturally Aspirated,Semi-Automatic,8,All Wheel Drive,Gasoline (Regular Unleaded Recommended),1,Small SUV 4WD,0,1,0,1,5,5,357,0,0,KIA | SORENTO,1,1,1,0
Kia,KIA,Sorento Hybrid AWD,1.6,4,36,33,34,47.1089,34.2605,0,Turbocharged,Automated Manual- Selectable (e.g. Automated Manual with paddles),6,All Wheel Drive,Gasoline (Regular Unleaded Recommended),1,Small SUV 4WD,0,1,0,1,7,7,262,1,0,KIA | SORENTO HYBRID,1,1,1,0
Kia,KIA,Sportage AWD,2.5,4,23,26,25,32.7866,24.5725,0,Naturally Aspirated,Semi-Automatic,8,All Wheel Drive,Gasoline (Regular Unleaded Recommended),1,Small SUV 4WD,0,1,0,1,5,5,363,0,0,KIA | SPORTAGE,1,1,1,0
Kia,KIA,Sportage Hybrid AWD,1.6,4,38,38,38,50.7264,37.8273,0,Turbocharged,Automated Manual- Selectable (e.g. Automated Manual with paddles),6,All Wheel Drive,Gasoline (Regular Unleaded Recommended),1,Small SUV 4WD,0,1,0,1,7,7,235,1,0,KIA | SPORTAGE HYBRID,1,1,1,0
Kia,KIA,Sportage Hybrid FWD,1.6,4,42,44,43,56.7357,43.1549,0,Turbocharged,Automated Manual- Selectable (e.g. Automated Manual with paddles),6,"2-Wheel Drive, Front",Gasoline (Regular Unleaded Recommended),1,Small SUV 4WD,0,1,0,1,8,8,206,1,0,KIA | SPORTAGE HYBRID,1,0,1,0
Kia,KIA,Sportage X-pro,2.5,4,23,30,26,34.5711,25.8844,0,Naturally Aspirated,Semi-Automatic,8,All Wheel Drive,Gasoline (Regular Unleaded Recommended),1,Small SUV 4WD,0,1,0,1,5,5,344,0,0,KIA | SPORTAGE X-PRO,1,1,1,0
Kia,KIA,Telluride AWD,3.8,6,18,24,20,26.2771,20.1315,0,Naturally Aspirated,Semi-Automatic,8,All Wheel Drive,Gasoline (Regular Unleaded Recommended),1,Small SUV 4WD,0,1,0,1,4,4,442,0,0,KIA | TELLURIDE,1,1,1,0
Jaguar Land Rover L,Land Rover,Discovery Sport,2.0,4,19,23,20,27.1707,20.4448,0,Turbocharged,Semi-Automatic,9,All Wheel Drive,Gasoline (Premium Unleaded Recommended),1,Small SUV 4WD,0,1,0,1,4,4,437,0,0,LAND ROVER | DISCOVERY SPORT,1,1,1,0
Jaguar Land Rover L,Land Rover,Range Rover Evoque,2.0,4,20,27,22,29.7046,22.4055,0,Turbocharged,Semi-Automatic,9,All Wheel Drive,Gasoline (Premium Unleaded Recommended),1,Small SUV 4WD,0,1,0,1,5,5,398,0,0,LAND ROVER | RANGE ROVER EVOQUE,1,1,1,0
Jaguar Land Rover L,Land Rover,Range Rover Velar,2.0,4,22,26,23,31.0711,23.4566,0,Turbocharged,Semi-Automatic,8,All Wheel Drive,Gasoline (Premium Unleaded Recommended),1,Small SUV 4WD,0,1,1,1,5,5,381,0,0,LAND ROVER | RANGE ROVER VELAR,1,1,1,0
Jaguar Land Rover L,Land Rover,Range Rover Velar P340 MHEV,3.0,6,19,26,22,28.7715,21.8778,0,Turbocharged+Supercharged,Semi-Automatic,8,4-Wheel Drive,Gasoline (Premium Unleaded Recommended),1,Small SUV 4WD,0,1,0,1,5,5,407,0,1,LAND ROVER | RANGE ROVER VELAR P340 MHEV,1,1,1,0
Jaguar Land Rover L,Land Rover,Range Rover Velar P400 MHEV,3.0,6,19,25,21,27.6394,21.1241,0,Turbocharged+Supercharged,Semi-Automatic,8,4-Wheel Drive,Gasoline (Premium Unleaded Recommended),1,Small SUV 4WD,0,1,0,1,4,4,420,0,1,LAND ROVER | RANGE ROVER VELAR P400 MHEV,1,1,1,0
Toyota,LEXUS,NX 250 AWD,2.5,4,25,32,28,37.9108,28.0909,0,Naturally Aspirated,Semi-Automatic,8,All Wheel Drive,Gasoline (Regular Unleaded Recommended),1,Small SUV 4WD,0,1,0,1,6,6,318,0,0,LEXUS | NX 250,1,1,1,0
Toyota,LEXUS,NX 350 AWD,2.4,4,21,28,24,31.7001,23.9205,0,Turbocharged,Semi-Automatic,8,All Wheel Drive,Gasoline (Premium Unleaded Required),1,Small SUV 4WD,0,1,0,1,5,5,370,0,0,LEXUS | NX 350,1,1,1,0
Toyota,LEXUS,NX 350 AWD F SPORT,2.4,4,21,28,24,32.2179,24.2794,0,Turbocharged,Semi-Automatic,8,All Wheel Drive,Gasoline (Premium Unleaded Required),1,Small SUV 4WD,0,1,0,1,5,5,370,0,0,LEXUS | NX 350 F SPORT,1,1,1,0
Toyota,LEXUS,NX 350h AWD,2.5,4,41,37,39,54.1029,39.0,0,Naturally Aspirated,Selectable Continuously Variable (e.g. CVT with paddles),6,All Wheel Drive,Gasoline (Premium Unleaded Recommended),1,Small SUV 4WD,0,1,0,1,7,7,225,1,0,LEXUS | NX 350H,1,1,1,0
Toyota,LEXUS,RX 350 AWD,2.4,4,21,28,24,31.3709,23.7084,0,Turbocharged,Semi-Automatic,8,All Wheel Drive,Gasoline (Premium Unleaded Required),1,Small SUV 4WD,0,1,0,1,5,5,371,0,0,LEXUS | RX 350,1,1,1,0
Toyota,LEXUS,RX 350h AWD,2.5,4,37,34,36,49.2269,35.9952,0,Naturally Aspirated,Selectable Continuously Variable (e.g. CVT with paddles),6,All Wheel Drive,Gasoline (Premium Unleaded Recommended),1,Small SUV 4WD,0,1,0,1,7,7,243,1,0,LEXUS | RX 350H,1,1,1,0
Toyota,LEXUS,RX 500h AWD,2.4,4,27,28,27,37.1586,27.4539,0,Turbocharged,Selectable Continuously Variable (e.g. CVT with paddles),6,All Wheel Drive,Gasoline (Premium Unleaded Required),1,Small SUV 4WD,0,1,0,1,5,5,320,1,0,LEXUS | RX 500H,1,1,1,0
Ford Motor Company,Lincoln,CORSAIR AWD,2.0,4,21,28,24,31.2454,23.6258,0,Turbocharged,Semi-Automatic,8,All Wheel Drive,Gasoline (Regular Unleaded Recommended),1,Small SUV 4WD,0,1,0,1,5,5,374,0,0,LINCOLN | CORSAIR,1,1,1,0
Ford Motor Company,Lincoln,NAUTILUS AWD,2.0,4,21,29,24,32.1912,24.313,0,Turbocharged,Automatic,8,All Wheel Drive,Gasoline (Regular Unleaded Recommended),1,Small SUV 4WD,0,1,0,1,5,5,371,0,0,LINCOLN | NAUTILUS,1,1,1,0
Ford Motor Company,Lincoln,NAUTILUS HEV AWD,2.0,4,30,31,30,41.6428,30.3948,0,Turbocharged,Continuously Variable,1,Part-time 4-Wheel Drive,Gasoline (Regular Unleaded Recommended),1,Small SUV 4WD,0,1,0,1,6,6,290,1,0,LINCOLN | NAUTILUS HEV,1,1,1,0
Maserati,MASERATI,Grecale GT,2.0,4,22,29,25,33.1914,24.9511,0,Turbocharged,Automatic,8,All Wheel Drive,Gasoline (Premium Unleaded Recommended),1,Small SUV 4WD,0,1,1,1,5,5,351,0,1,MASERATI | GRECALE GT,1,1,1,0
Maserati,MASERATI,Grecale Modena,2.0,4,22,29,25,33.1914,24.9511,0,Turbocharged,Automatic,8,All Wheel Drive,Gasoline (Premium Unleaded Recommended),1,Small SUV 4WD,0,1,1,1,5,5,351,0,1,MASERATI | GRECALE MODENA,1,1,1,0
Maserati,MASERATI,Grecale Trofeo,3.0,6,18,25,20,26.4078,20.2821,0,Turbocharged,Automatic,8,All Wheel Drive,Gasoline (Premium Unleaded Required),1,Small SUV 4WD,1,1,0,1,4,4,432,0,0,MASERATI | GRECALE TROFEO,1,1,1,0
MAZDA,MAZDA,CX-30 4WD,2.5,4,22,30,25,33.5093,25.1741,0,Turbocharged,Semi-Automatic,6,4-Wheel Drive,Gasoline (Regular Unleaded Recommended),1,Small SUV 4WD,0,1,0,0,5,5,353,0,0,MAZDA | CX-30,1,1,1,0
MAZDA,MAZDA,CX-30 4WD,2.5,4,26,33,29,38.9311,28.7769,0,Naturally Aspirated,Semi-Automatic,6,4-Wheel Drive,Gasoline (Regular Unleaded Recommended),1,Small SUV 4WD,1,1,0,0,6,6,309,0,0,MAZDA | CX-30,1,1,1,0
MAZDA,MAZDA,CX-5 4WD,2.5,4,23,29,25,33.8026,25.3263,0,Naturally Aspirated,Semi-Automatic,6,4-Wheel Drive,Gasoline (Regular Unleaded Recommended),1,Small SUV 4WD,0,1,0,0,5,5,349,0,0,MAZDA | CX-5,1,1,1,0
MAZDA,MAZDA,CX-5 4WD,2.5,4,26,31,28,37.5056,27.7785,0,Naturally Aspirated,Semi-Automatic,6,4-Wheel Drive,Gasoline (Regular Unleaded Recommended),1,Small SUV 4WD,1,1,0,1,6,6,320,0,0,MAZDA | CX-5,1,1,1,0
MAZDA,MAZDA,CX-5 4WD,2.5,4,22,27,24,31.7018,23.8943,0,Turbocharged,Semi-Automatic,6,4-Wheel Drive,Gasoline (Regular Unleaded Recommended),1,Small SUV 4WD,0,1,0,0,5,5,370,0,0,MAZDA | CX-5,1,1,1,0
MAZDA,MAZDA,MAZDA CX-50 4WD,2.5,4,23,29,25,33.3158,25.0081,0,Turbocharged,Semi-Automatic,6,4-Wheel Drive,Gasoline (Regular Unleaded Recommended),1,Small SUV 4WD,0,1,0,1,5,5,356,0,0,MAZDA | MAZDA CX-50,1,1,1,0
MAZDA,MAZDA,MAZDA CX-50 4WD,2.5,4,24,30,27,35.6426,26.5731,0,Naturally Aspirated,Semi-Automatic,6,4-Wheel Drive,Gasoline (Regular Unleaded Recommended),1,Small SUV 4WD,1,1,0,0,5,5,335,0,0,MAZDA | MAZDA CX-50,1,1,1,0
Mercedes-Benz,Mercedes-Benz,AMG GLC 43 4MATIC,2.0,4,19,25,21,27.6054,21.0822,0,Turbocharged,Automatic,9,All Wheel Drive,Gasoline (Premium Unleaded Required),1,Small SUV 4WD,0,1,1,1,4,4,423,0,1,MERCEDES-BENZ | AMG GLC 43,1,1,1,0
Mercedes-Benz,Mercedes-Benz,AMG GLC 43 4MATIC (coupe),2.0,4,18,24,21,26.9544,20.6078,0,Turbocharged,Automatic,9,All Wheel Drive,Gasoline (Premium Unleaded Required),1,Small SUV 4WD,0,1,1,1,4,4,433,0,1,MERCEDES-BENZ | AMG GLC 43 (COUPE),1,1,1,0
Mercedes-Benz,Mercedes-Benz,GLA 250 4MATIC,2.0,4,24,32,27,36.7541,27.3636,0,Turbocharged,Automated Manual,8,All Wheel Drive,Gasoline (Premium Unleaded Required),1,Small SUV 4WD,0,1,1,1,5,5,325,0,1,MERCEDES-BENZ | GLA 250,1,1,1,0
Mercedes-Benz,Mercedes-Benz,GLB 250 4MATIC,2.0,4,24,32,27,36.1315,26.9501,0,Turbocharged,Automated Manual,8,All Wheel Drive,Gasoline (Premium Unleaded Required),1,Small SUV 4WD,0,1,1,1,5,5,330,0,1,MERCEDES-BENZ | GLB 250,1,1,1,0
Mercedes-Benz,Mercedes-Benz,GLC 300 4MATIC,2.0,4,24,32,27,36.0678,26.8985,0,Turbocharged,Automatic,9,All Wheel Drive,Gasoline (Premium Unleaded Required),1,Small SUV 4WD,0,1,0,1,5,5,331,0,1,MERCEDES-BENZ | GLC 300,1,1,1,0
Mercedes-Benz,Mercedes-Benz,GLC 300 4MATIC (Coupe),2.0,4,24,30,26,34.9888,26.1534,0,Turbocharged,Automatic,9,All Wheel Drive,Gasoline (Premium Unleaded Required),1,Small SUV 4WD,0,1,0,1,5,5,340,0,1,MERCEDES-BENZ | GLC 300 (COUPE),1,1,1,0
Mercedes-Benz,Mercedes-Benz,GLE 350,2.0,4,21,28,24,31.6722,23.9063,0,Turbocharged,Automatic,9,"2-Wheel Drive, Rear",Gasoline (Premium Unleaded Required),1,Small SUV 4WD,0,1,0,1,5,5,369,0,1,MERCEDES-BENZ | GLE 350,1,0,1,0
Mercedes-Benz,Mercedes-Benz,GLE 350 4MATIC,2.0,4,20,27,23,30.3529,23.0048,0,Turbocharged,Automatic,9,All Wheel Drive,Gasoline (Premium Unleaded Required),1,Small SUV 4WD,0,1,0,1,5,5,384,0,1,MERCEDES-BENZ | GLE 350,1,1,1,0
Nissan,MITSUBISHI MOTORS,Outlander 4WD,2.5,4,24,30,26,36.1531,26.0,0,Naturally Aspirated,Selectable Continuously Variable (e.g. CVT with paddles),8,4-Wheel Drive,Gasoline (Regular Unleaded Recommended),1,Small SUV 4WD,0,1,0,0,5,5,342,0,0,MITSUBISHI MOTORS | OUTLANDER,1,1,1,0
Mitsubishi Motors Co,Mitsubishi Motors Corporation,ECLIPSE CROSS 4WD,1.5,4,25,26,25,35.6288,25.0,0,Turbocharged,Selectable Continuously Variable (e.g. CVT with paddles),8,4-Wheel Drive,Gasoline (Regular Unleaded Recommended),1,Small SUV 4WD,0,1,0,0,5,5,353,0,0,MITSUBISHI MOTORS CORPORATION | ECLIPSE CROSS,1,1,1,0
Mitsubishi Motors Co,Mitsubishi Motors Corporation,ECLIPSE CROSS ES 4WD,1.5,4,25,28,26,36.9334,26.0,0,Turbocharged,Selectable Continuously Variable (e.g. CVT with paddles),8,4-Wheel Drive,Gasoline (Regular Unleaded Recommended),1,Small SUV 4WD,0,1,0,0,5,5,339,0,0,MITSUBISHI MOTORS CORPORATION | ECLIPSE CROSS ES,1,1,1,0
Mitsubishi Motors Co,Mitsubishi Motors Corporation,Outlander Sport 4WD,2.0,4,23,29,26,34.4684,25.7804,0,Naturally Aspirated,Selectable Continuously Variable (e.g. CVT with paddles),6,4-Wheel Drive,Gasoline (Regular Unleaded Recommended),1,Small SUV 4WD,0,1,0,0,5,5,343,0,0,MITSUBISHI MOTORS CORPORATION | OUTLANDER SPORT,1,1,1,0
Mitsubishi Motors Co,Mitsubishi Motors Corporation,Outlander Sport 4WD,2.4,4,23,28,25,33.6288,25.2037,0,Naturally Aspirated,Selectable Continuously Variable (e.g. CVT with paddles),6,4-Wheel Drive,Gasoline (Regular Unleaded Recommended),1,Small SUV 4WD,0,1,0,0,5,5,350,0,0,MITSUBISHI MOTORS CORPORATION | OUTLANDER SPORT,1,1,1,0
Nissan,NISSAN,PATHFINDER 4WD,3.5,6,21,27,23,31.5354,23.4358,0,Naturally Aspirated,Semi-Automatic,9,4-Wheel Drive,Gasoline (Regular Unleaded Recommended),1,Small SUV 4WD,0,1,0,1,5,5,379,0,0,NISSAN | PATHFINDER,1,1,1,0
Nissan,NISSAN,PATHFINDER 4WD ROCK CREEK,3.5,6,20,23,21,28.6759,21.2361,0,Naturally Aspirated,Semi-Automatic,9,4-Wheel Drive,Gasoline (Premium Unleaded Recommended),1,Small SUV 4WD,0,1,0,1,4,4,418,0,0,NISSAN | PATHFINDER ROCK CREEK,1,1,1,0
Nissan,NISSAN,ROGUE AWD,1.5,3,28,35,31,45.8316,31.0,0,Turbocharged,Selectable Continuously Variable (e.g. CVT with paddles),8,All Wheel Drive,Gasoline (Regular Unleaded Recommended),1,Small SUV 4WD,0,1,0,1,6,6,287,0,0,NISSAN | ROGUE,1,1,1,0
Nissan,NISSAN,ROGUE AWD SL/PLATINUM,1.5,3,28,34,31,44.2612,31.0,0,Turbocharged,Selectable Continuously Variable (e.g. CVT with paddles),8,All Wheel Drive,Gasoline (Regular Unleaded Recommended),1,Small SUV 4WD,0,1,0,1,6,6,287,0,0,NISSAN | ROGUE SL/PLATINUM,1,1,1,0
Porsche,Porsche,Macan,2.0,4,19,25,21,28.8442,21.0,0,Turbocharged,Automated Manual- Selectable (e.g. Automated Manual with paddles),7,All Wheel Drive,Gasoline (Premium Unleaded Required),1,Small SUV 4WD,0,1,1,1,4,4,424,0,0,PORSCHE | MACAN,1,1,1,0
Porsche,Porsche,Macan GTS,2.9,6,17,22,19,25.5407,19.0,0,Turbocharged,Automated Manual- Selectable (e.g. Automated Manual with paddles),7,All Wheel Drive,Gasoline (Premium Unleaded Required),1,Small SUV 4WD,0,1,1,1,4,4,466,0,0,PORSCHE | MACAN GTS,1,1,1,0
Porsche,Porsche,Macan S,2.9,6,17,23,19,26.0365,19.0,0,Turbocharged,Automated Manual- Selectable (e.g. Automated Manual with paddles),7,All Wheel Drive,Gasoline (Premium Unleaded Required),1,Small SUV 4WD,0,1,1,1,4,4,466,0,0,PORSCHE | MACAN S,1,1,1,0
Porsche,Porsche,Macan T,2.0,4,19,25,21,27.9743,21.32,0,Turbocharged,Automated Manual- Selectable (e.g. Automated Manual with paddles),7,All Wheel Drive,Gasoline (Premium Unleaded Required),1,Small SUV 4WD,0,1,1,1,4,4,417,0,0,PORSCHE | MACAN T,1,1,1,0
Subaru,Subaru,CROSSTREK AWD,2.0,4,27,34,29,39.8559,29.3813,0,Naturally Aspirated,Selectable Continuously Variable (e.g. CVT with paddles),8,All Wheel Drive,Gasoline (Regular Unleaded Recommended),1,Small SUV 4WD,0,1,0,1,6,6,300,0,0,SUBARU | CROSSTREK,1,1,1,0
Subaru,Subaru,CROSSTREK AWD,2.5,4,26,33,29,39.2024,28.942,0,Naturally Aspirated,Selectable Continuously Variable (e.g. CVT with paddles),8,All Wheel Drive,Gasoline (Regular Unleaded Recommended),1,Small SUV 4WD,0,1,0,1,6,6,305,0,0,SUBARU | CROSSTREK,1,1,1,0
Subaru,Subaru,CROSSTREK WILDERNESS AWD,2.5,4,25,29,27,36.3778,27.0347,0,Naturally Aspirated,Selectable Continuously Variable (e.g. CVT with paddles),8,All Wheel Drive,Gasoline (Regular Unleaded Recommended),1,Small SUV 4WD,0,1,0,1,5,5,332,0,0,SUBARU | CROSSTREK WILDERNESS,1,1,1,0
Subaru,Subaru,FORESTER AWD,2.5,4,26,33,29,38.7488,28.6461,0,Naturally Aspirated,Selectable Continuously Variable (e.g. CVT with paddles),8,All Wheel Drive,Gasoline (Regular Unleaded Recommended),1,Small SUV 4WD,0,1,0,1,6,6,310,0,0,SUBARU | FORESTER,1,1,1,0
Subaru,Subaru,FORESTER WILDERNESS AWD,2.5,4,25,28,26,35.2361,26.2421,0,Naturally Aspirated,Selectable Continuously Variable (e.g. CVT with paddles),8,All Wheel Drive,Gasoline (Regular Unleaded Recommended),1,Small SUV 4WD,0,1,0,1,5,5,338,0,0,SUBARU | FORESTER WILDERNESS,1,1,1,0
Subaru,Subaru,OUTBACK AWD,2.4,4,22,29,25,32.9239,24.7631,0,Turbocharged,Selectable Continuously Variable (e.g. CVT with paddles),8,All Wheel Drive,Gasoline (Regular Unleaded Recommended),1,Small SUV 4WD,0,1,0,1,5,5,356,0,0,SUBARU | OUTBACK,1,1,1,0
Subaru,Subaru,OUTBACK AWD,2.5,4,26,32,28,38.0561,28.1867,0,Naturally Aspirated,Selectable Continuously Variable (e.g. CVT with paddles),8,All Wheel Drive,Gasoline (Regular Unleaded Recommended),1,Small SUV 4WD,0,1,0,1,6,6,314,0,0,SUBARU | OUTBACK,1,1,1,0
Subaru,Subaru,OUTBACK WILDERNESS AWD,2.4,4,21,26,23,30.9119,23.3398,0,Turbocharged,Selectable Continuously Variable (e.g. CVT with paddles),8,All Wheel Drive,Gasoline (Regular Unleaded Recommended),1,Small SUV 4WD,0,1,0,1,5,5,378,0,0,SUBARU | OUTBACK WILDERNESS,1,1,1,0
Toyota,TOYOTA,COROLLA CROSS AWD,2.0,4,29,31,30,43.9558,30.0,0,Naturally Aspirated,Selectable Continuously Variable (e.g. CVT with paddles),10,All Wheel Drive,Gasoline (Regular Unleaded Recommended),1,Small SUV 4WD,0,1,0,1,6,6,294,0,0,TOYOTA | COROLLA CROSS,1,1,1,0
Toyota,TOYOTA,COROLLA CROSS HYBRID AWD,2.0,4,45,38,42,62.0916,42.0,0,Naturally Aspirated,Selectable Continuously Variable (e.g. CVT with paddles),6,All Wheel Drive,Gasoline (Regular Unleaded Recommended),1,Small SUV 4WD,0,1,0,1,7,7,209,1,0,TOYOTA | COROLLA CROSS HYBRID,1,1,1,0
Toyota,TOYOTA,HIGHLANDER AWD,2.4,4,21,28,24,31.426,23.7303,0,Turbocharged,Semi-Automatic,8,All Wheel Drive,Gasoline (Regular Unleaded Recommended),1,Small SUV 4WD,0,1,0,1,5,5,371,0,0,TOYOTA | HIGHLANDER,1,1,1,0
Toyota,TOYOTA,RAV4 AWD,2.5,4,25,33,28,37.4878,27.8551,0,Naturally Aspirated,Semi-Automatic,8,All Wheel Drive,Gasoline (Regular Unleaded Recommended),1,Small SUV 4WD,0,1,0,0,6,6,319,0,0,TOYOTA | RAV4,1,1,1,0
Toyota,TOYOTA,RAV4 AWD,2.5,4,27,33,29,39.7147,29.2767,0,Naturally Aspirated,Semi-Automatic,8,All Wheel Drive,Gasoline (Regular Unleaded Recommended),1,Small SUV 4WD,0,1,0,1,6,6,301,0,0,TOYOTA | RAV4,1,1,1,0
Toyota,TOYOTA,RAV4 AWD LE,2.5,4,27,34,30,40.5397,29.8246,0,Naturally Aspirated,Semi-Automatic,8,All Wheel Drive,Gasoline (Regular Unleaded Recommended),1,Small SUV 4WD,0,1,0,1,6,6,296,0,0,TOYOTA | RAV4 LE,1,1,1,0
Toyota,TOYOTA,RAV4 AWD TRD OFFROAD,2.5,4,25,32,28,37.0634,27.5407,0,Naturally Aspirated,Semi-Automatic,8,All Wheel Drive,Gasoline (Regular Unleaded Recommended),1,Small SUV 4WD,0,1,0,0,6,6,323,0,0,TOYOTA | RAV4 TRD OFFROAD,1,1,1,0
Toyota,TOYOTA,RAV4 HYBRID AWD,2.5,4,41,38,39,54.2895,39.2867,0,Naturally Aspirated,Selectable Continuously Variable (e.g. CVT with paddles),6,All Wheel Drive,Gasoline (Regular Unleaded Recommended),1,Small SUV 4WD,0,1,0,1,7,7,224,1,0,TOYOTA | RAV4 HYBRID,1,1,1,0
Toyota,TOYOTA,RAV4 HYBRID AWD WOODLAND EDITION,2.5,4,38,35,37,50.8099,36.5533,0,Naturally Aspirated,Selectable Continuously Variable (e.g. CVT with paddles),6,All Wheel Drive,Gasoline (Regular Unleaded Recommended),1,Small SUV 4WD,0,1,0,1,7,7,240,1,0,TOYOTA | RAV4 HYBRID WOODLAND EDITION,1,1,1,0
Toyota,TOYOTA,VENZA AWD,2.5,4,40,37,39,53.3409,38.6419,0,Naturally Aspirated,Selectable Continuously Variable (e.g. CVT with paddles),6,All Wheel Drive,Gasoline (Regular Unleaded Recommended),1,Small SUV 4WD,0,1,0,1,7,7,227,1,0,TOYOTA | VENZA,1,1,1,0
Volkswagen Group of,Volkswagen,Atlas 4Motion Peak Edition,2.0,4,18,24,20,26.5882,20.3657,0,Turbocharged,Semi-Automatic,8,All Wheel Drive,Gasoline (Regular Unleaded Recommended),1,Small SUV 4WD,0,1,1,1,4,4,435,0,0,VOLKSWAGEN | ATLAS 4MOTION PEAK EDITION,1,1,1,0
Volkswagen Group of,Volkswagen,Atlas Cross Sport 4Motion,2.0,4,19,26,22,28.4969,21.7067,0,Turbocharged,Semi-Automatic,8,All Wheel Drive,Gasoline (Regular Unleaded Recommended),1,Small SUV 4WD,0,1,1,1,5,5,407,0,0,VOLKSWAGEN | ATLAS CROSS SPORT 4MOTION,1,1,1,0
Volkswagen Group of,Volkswagen,Atlas SE 4Motion,2.0,4,19,26,22,28.4969,21.7067,0,Turbocharged,Semi-Automatic,8,All Wheel Drive,Gasoline (Regular Unleaded Recommended),1,Small SUV 4WD,0,1,1,1,5,5,407,0,0,VOLKSWAGEN | ATLAS SE 4MOTION,1,1,1,0
Volkswagen Group of,Volkswagen,Atlas SEL 4Motion,2.0,4,19,25,21,27.5017,21.0098,0,Turbocharged,Semi-Automatic,8,All Wheel Drive,Gasoline (Regular Unleaded Recommended),1,Small SUV 4WD,0,1,1,1,4,4,422,0,0,VOLKSWAGEN | ATLAS SEL 4MOTION,1,1,1,0
Volkswagen Group of,Volkswagen,Taos 4Motion,1.5,4,24,32,27,36.3394,27.0715,0,Turbocharged,Automated Manual- Selectable (e.g. Automated Manual with paddles),7,All Wheel Drive,Gasoline (Regular Unleaded Recommended),1,Small SUV 4WD,0,1,0,1,5,5,329,0,0,VOLKSWAGEN | TAOS 4MOTION,1,1,1,0
Volkswagen Group of,Volkswagen,Tiguan 4Motion,2.0,4,22,29,25,33.1687,24.9366,0,Turbocharged,Semi-Automatic,8,All Wheel Drive,Gasoline (Regular Unleaded Recommended),1,Small SUV 4WD,0,1,1,1,5,5,357,0,0,VOLKSWAGEN | TIGUAN 4MOTION,1,1,1,0
Volkswagen Group of,Volkswagen,Tiguan R-Line 4Motion,2.0,4,22,29,24,32.2905,24.3443,0,Turbocharged,Semi-Automatic,8,All Wheel Drive,Gasoline (Regular Unleaded Recommended),1,Small SUV 4WD,0,1,1,1,5,5,367,0,0,VOLKSWAGEN | TIGUAN R-LINE 4MOTION,1,1,1,0
Volvo,"Volvo Cars of North America, LLC",XC40 B5 AWD,2.0,4,24,30,26,35.0903,26.2103,0,Turbocharged,Semi-Automatic,8,All Wheel Drive,Gasoline (Premium Unleaded Required),1,Small SUV 4WD,0,1,0,1,5,5,338,0,1,"VOLVO CARS OF NORTH AMERICA, LLC | XC40 B5",1,1,1,0
Volvo,"Volvo Cars of North America, LLC",XC60 B5 AWD,2.0,4,22,28,25,32.6194,24.5345,0,Turbocharged,Semi-Automatic,8,All Wheel Drive,Gasoline (Premium Unleaded Required),1,Small SUV 4WD,0,1,0,1,5,5,363,0,1,"VOLVO CARS OF NORTH AMERICA, LLC | XC60 B5",1,1,1,0
BMW,BMW,X5 sDrive40i,3.0,6,23,27,25,32.9035,24.6674,0,Turbocharged,Semi-Automatic,8,"2-Wheel Drive, Rear",Gasoline (Premium Unleaded Recommended),1,Standard SUV 2WD,0,1,1,1,5,5,360,0,1,BMW | X5 SDRIVE40I,1,0,1,1
General Motors,Buick,ENCLAVE FWD,3.6,6,18,26,21,26.7553,20.5366,0,Naturally Aspirated,Automatic,9,"2-Wheel Drive, Front",Gasoline (Regular Unleaded Recommended),1,Standard SUV 2WD,0,1,0,1,4,4,433,0,0,BUICK | ENCLAVE,1,0,1,1
General Motors,Cadillac,ESCALADE 2WD,3.0,6,21,27,23,31.2192,23.0,0,Turbocharged,Automatic,10,"2-Wheel Drive, Rear","Diesel, ultra low sulfur (15 ppm, maximum)",1,Standard SUV 2WD,0,0,0,1,5,4,442,0,0,CADILLAC | ESCALADE,1,0,0,1
General Motors,Cadillac,ESCALADE 2WD,6.2,8,14,19,16,22.0376,16.0,0,Naturally Aspirated,Automatic,10,"2-Wheel Drive, Rear",Gasoline (Premium Unleaded Required),1,Standard SUV 2WD,1,1,0,1,3,3,555,0,0,CADILLAC | ESCALADE,1,0,1,1
General Motors,Chevrolet,SUBURBAN 2WD,3.0,6,21,27,23,31.2192,23.0,0,Turbocharged,Automatic,10,"2-Wheel Drive, Rear","Diesel, ultra low sulfur (15 ppm, maximum)",1,Standard SUV 2WD,0,0,0,1,5,4,442,0,0,CHEVROLET | SUBURBAN,1,0,0,1
General Motors,Chevrolet,SUBURBAN 2WD,5.3,8,15,20,17,22.9604,16.8373,0,Naturally Aspirated,Automatic,10,"2-Wheel Drive, Rear",Gasoline (Regular Unleaded Recommended),1,Standard SUV 2WD,1,1,0,1,3,3,527,0,0,CHEVROLET | SUBURBAN,1,0,1,1
General Motors,Chevrolet,SUBURBAN 2WD,6.2,8,14,20,16,22.4661,16.0,0,Naturally Aspirated,Automatic,10,"2-Wheel Drive, Rear",Gasoline (Premium Unleaded Required),1,Standard SUV 2WD,1,1,0,1,3,3,555,0,0,CHEVROLET | SUBURBAN,1,0,1,1
General Motors,Chevrolet,TAHOE 2WD,3.0,6,21,28,24,32.0,24.1421,0,Turbocharged,Automatic,10,"2-Wheel Drive, Rear","Diesel, ultra low sulfur (15 ppm, maximum)",1,Standard SUV 2WD,0,0,0,1,5,4,425,0,0,CHEVROLET | TAHOE,1,0,0,1
General Motors,Chevrolet,TAHOE 2WD,5.3,8,15,20,17,22.9604,16.8373,0,Naturally Aspirated,Automatic,10,"2-Wheel Drive, Rear",Gasoline (Regular Unleaded Recommended),1,Standard SUV 2WD,1,1,0,1,3,3,527,0,0,CHEVROLET | TAHOE,1,0,1,1
General Motors,Chevrolet,TAHOE 2WD,6.2,8,14,20,16,22.4661,16.0,0,Naturally Aspirated,Automatic,10,"2-Wheel Drive, Rear",Gasoline (Premium Unleaded Required),1,Standard SUV 2WD,1,1,0,1,3,3,555,0,0,CHEVROLET | TAHOE,1,0,1,1
General Motors,Chevrolet,TRAVERSE LIMITED FWD,3.6,6,18,26,21,26.7553,20.5366,0,Naturally Aspirated,Automatic,9,"2-Wheel Drive, Front",Gasoline (Regular Unleaded Recommended),1,Standard SUV 2WD,0,1,0,1,4,4,433,0,0,CHEVROLET | TRAVERSE LIMITED,1,0,1,1
FCA US LLC,Dodge,Durango RWD,3.6,6,19,26,21,28.0059,21.3724,0,Naturally Aspirated,Automatic,8,"2-Wheel Drive, Rear",Gasoline (Regular Unleaded Recommended),1,Standard SUV 2WD,0,1,0,1,4,4,416,0,0,DODGE | DURANGO,1,0,1,1
FCA US LLC,Dodge,Durango RWD,5.7,8,14,22,17,21.702,16.9243,0,Naturally Aspirated,Automatic,8,"2-Wheel Drive, Rear",Gasoline (Mid Grade Unleaded Recommended),1,Standard SUV 2WD,1,1,0,0,3,3,525,0,0,DODGE | DURANGO,1,0,1,1
Ford Motor Company,Ford,EXPEDITION 2WD,3.5,6,17,23,19,24.9518,19.22,0,Turbocharged,Semi-Automatic,10,"2-Wheel Drive, Rear",Gasoline (Regular Unleaded Recommended),1,Standard SUV 2WD,0,1,0,1,4,4,462,0,0,FORD | EXPEDITION,1,0,1,1
Ford Motor Company,Ford,EXPLORER RWD,2.3,4,21,28,24,31.6169,23.8887,0,Turbocharged,Automatic,10,"2-Wheel Drive, Rear",Gasoline (Regular Unleaded Recommended),1,Standard SUV 2WD,0,1,0,1,5,5,370,0,0,FORD | EXPLORER,1,0,1,1
Ford Motor Company,Ford,EXPLORER RWD,3.0,6,18,26,21,27.2435,20.8696,0,Turbocharged,Automatic,10,"2-Wheel Drive, Rear",Gasoline (Regular Unleaded Recommended),1,Standard SUV 2WD,0,1,0,1,4,4,426,0,0,FORD | EXPLORER,1,0,1,1
Ford Motor Company,Ford,EXPLORER RWD,3.0,6,18,25,20,26.5141,20.3391,0,Turbocharged,Semi-Automatic,10,"2-Wheel Drive, Rear",Gasoline (Regular Unleaded Recommended),1,Standard SUV 2WD,0,1,0,1,4,4,437,0,0,FORD | EXPLORER,1,0,1,1
General Motors,GMC,YUKON 2WD,3.0,6,21,27,23,31.2192,23.0,0,Turbocharged,Automatic,10,"2-Wheel Drive, Rear","Diesel, ultra low sulfur (15 ppm, maximum)",1,Standard SUV 2WD,0,0,0,1,5,4,442,0,0,GMC | YUKON,1,0,0,1
General Motors,GMC,YUKON 2WD,5.3,8,15,20,17,22.9604,16.8373,0,Naturally Aspirated,Automatic,10,"2-Wheel Drive, Rear",Gasoline (Regular Unleaded Recommended),1,Standard SUV 2WD,1,1,0,1,3,3,527,0,0,GMC | YUKON,1,0,1,1
General Motors,GMC,YUKON 2WD,6.2,8,14,20,16,22.4661,16.0,0,Naturally Aspirated,Automatic,10,"2-Wheel Drive, Rear",Gasoline (Premium Unleaded Required),1,Standard SUV 2WD,1,1,0,1,3,3,555,0,0,GMC | YUKON,1,0,1,1
General Motors,GMC,YUKON XL 2WD,3.0,6,21,27,23,31.2192,23.0,0,Turbocharged,Automatic,10,"2-Wheel Drive, Rear","Diesel, ultra low sulfur (15 ppm, maximum)",1,Standard SUV 2WD,0,0,0,1,5,4,442,0,0,GMC | YUKON XL,1,0,0,1
General Motors,GMC,YUKON XL 2WD,5.3,8,15,20,17,22.9604,16.8373,0,Naturally Aspirated,Automatic,10,"2-Wheel Drive, Rear",Gasoline (Regular Unleaded Recommended),1,Standard SUV 2WD,1,1,0,1,3,3,527,0,0,GMC | YUKON XL,1,0,1,1
General Motors,GMC,YUKON XL 2WD,6.2,8,14,19,16,21.208,16.023,0,Naturally Aspirated,Automatic,10,"2-Wheel Drive, Rear",Gasoline (Premium Unleaded Required),1,Standard SUV 2WD,1,1,0,1,3,3,555,0,0,GMC | YUKON XL,1,0,1,1
Nissan,INFINITI,QX60 FWD,3.5,6,21,26,23,31.1215,22.9717,0,Naturally Aspirated,Semi-Automatic,9,"2-Wheel Drive, Front",Gasoline (Premium Unleaded Recommended),1,Standard SUV 2WD,0,1,0,1,5,5,387,0,0,INFINITI | QX60,1,0,1,1
Nissan,INFINITI,QX80 2WD,5.6,8,14,20,16,20.8362,16.1153,0,Naturally Aspirated,Semi-Automatic,7,"2-Wheel Drive, Rear",Gasoline (Premium Unleaded Recommended),1,Standard SUV 2WD,0,1,1,0,3,3,552,0,0,INFINITI | QX80,1,0,1,1
FCA US LLC,Jeep,Grand Cherokee 4X2,3.6,6,19,26,22,28.6845,21.847,0,Naturally Aspirated,Automatic,8,"2-Wheel Drive, Rear",Gasoline (Regular Unleaded Recommended),1,Standard SUV 2WD,0,1,0,1,5,5,407,0,0,JEEP | GRAND CHEROKEE 4X2,1,0,1,1
FCA US LLC,Jeep,Grand Cherokee L 4X2,3.6,6,19,26,21,28.0059,21.3724,0,Naturally Aspirated,Automatic,8,"2-Wheel Drive, Rear",Gasoline (Regular Unleaded Recommended),1,Standard SUV 2WD,0,1,0,1,4,4,416,0,0,JEEP | GRAND CHEROKEE L 4X2,1,0,1,1
FCA US LLC,Jeep,Wagoneer 4x2,3.0,6,17,24,20,25.5008,19.616,0,Turbocharged,Automatic,8,"2-Wheel Drive, Rear",Gasoline (Regular Unleaded Recommended),1,Standard SUV 2WD,0,1,0,1,4,4,453,0,0,JEEP | WAGONEER 4X2,1,0,1,1
FCA US LLC,Jeep,Wagoneer L 4x2,3.0,6,17,24,20,25.5008,19.616,0,Turbocharged,Automatic,8,"2-Wheel Drive, Rear",Gasoline (Regular Unleaded Recommended),1,Standard SUV 2WD,0,1,0,1,4,4,453,0,0,JEEP | WAGONEER L 4X2,1,0,1,1
Toyota,LEXUS,TX 350,2.4,4,21,27,23,30.9807,23.4308,0,Turbocharged,Semi-Automatic,8,"2-Wheel Drive, Front",Gasoline (Premium Unleaded Required),1,Standard SUV 2WD,0,1,0,1,5,5,378,0,0,LEXUS | TX 350,1,0,1,1
Ford Motor Company,Lincoln,AVIATOR RWD,3.0,6,18,26,21,27.5596,21.0905,0,Turbocharged,Semi-Automatic,10,"2-Wheel Drive, Rear",Gasoline (Regular Unleaded Recommended),1,Standard SUV 2WD,0,1,0,1,4,4,424,0,0,LINCOLN | AVIATOR,1,0,1,1
Nissan,NISSAN,ARMADA 2WD,5.6,8,14,19,16,21.1467,16.1706,0,Naturally Aspirated,Semi-Automatic,7,"2-Wheel Drive, Rear",Gasoline (Premium Unleaded Recommended),1,Standard SUV 2WD,0,1,1,0,3,3,558,0,0,NISSAN | ARMADA,1,0,1,1
Toyota,TOYOTA,4RUNNER 2WD,4.0,6,16,19,17,23.452,17.4613,0,Naturally Aspirated,Semi-Automatic,5,"2-Wheel Drive, Rear",Gasoline (Regular Unleaded Recommended),1,Standard SUV 2WD,0,1,0,0,3,3,503,0,0,TOYOTA | 4RUNNER,1,0,1,1
Toyota,TOYOTA,GRAND HIGHLANDER HYBRID,2.5,4,37,34,36,50.5667,36.1798,0,Naturally Aspirated,Selectable Continuously Variable (e.g. CVT with paddles),6,"2-Wheel Drive, Front",Gasoline (Regular Unleaded Recommended),1,Standard SUV 2WD,0,1,0,1,7,7,246,1,0,TOYOTA | GRAND HIGHLANDER HYBRID,1,0,1,1
Toyota,TOYOTA,GRAND HIGHLANDER HYBRID LIMITED,2.5,4,36,32,34,48.5585,34.2965,0,Naturally Aspirated,Selectable Continuously Variable (e.g. CVT with paddles),6,"2-Wheel Drive, Front",Gasoline (Regular Unleaded Recommended),1,Standard SUV 2WD,0,1,0,1,7,7,256,1,0,TOYOTA | GRAND HIGHLANDER HYBRID LIMITED,1,0,1,1
Toyota,TOYOTA,GRAND HIGHLANDER LE/XLE,2.4,4,21,28,24,31.9254,24.0756,0,Turbocharged,Semi-Automatic,8,"2-Wheel Drive, Front",Gasoline (Regular Unleaded Recommended),1,Standard SUV 2WD,0,1,0,1,5,5,371,0,0,TOYOTA | GRAND HIGHLANDER LE/XLE,1,0,1,1
Toyota,TOYOTA,GRAND HIGHLANDER LIMITED,2.4,4,21,28,24,31.9075,24.0682,0,Turbocharged,Semi-Automatic,8,"2-Wheel Drive, Front",Gasoline (Regular Unleaded Recommended),1,Standard SUV 2WD,0,1,0,1,5,5,366,0,0,TOYOTA | GRAND HIGHLANDER LIMITED,1,0,1,1
Toyota,TOYOTA,SEQUOIA 2WD,3.4,6,21,24,22,29.5543,22.3571,0,Turbocharged,Semi-Automatic,10,"2-Wheel Drive, Rear",Gasoline (Regular Unleaded Recommended),1,Standard SUV 2WD,0,1,0,1,5,5,395,1,0,TOYOTA | SEQUOIA,1,0,1,1
Honda,Acura,MDX AWD Type-S,3.0,6,17,21,19,26.1453,19.4932,0,Turbocharged,Semi-Automatic,10,All Wheel Drive,Gasoline (Premium Unleaded Recommended),1,Standard SUV 4WD,1,1,0,1,4,4,474,0,0,ACURA | MDX TYPE-S,1,1,1,1
aston martin,Aston Martin Lagonda Ltd,DBX 707,4.0,8,15,20,17,21.5837,16.7618,0,Turbocharged,Automatic,9,4-Wheel Drive,Gasoline (Premium Unleaded Recommended),1,Standard SUV 4WD,1,1,0,0,3,3,536,0,0,ASTON MARTIN LAGONDA LTD | DBX 707,1,1,1,1
aston martin,Aston Martin Lagonda Ltd,DBX V8,4.0,8,14,20,16,20.6665,16.1211,0,Turbocharged,Automatic,9,4-Wheel Drive,Gasoline (Premium Unleaded Recommended),1,Standard SUV 4WD,1,1,0,0,3,3,556,0,0,ASTON MARTIN LAGONDA LTD | DBX V8,1,1,1,1
Volkswagen Group of,Audi,Q7 quattro,2.0,4,19,25,21,28.0854,21.4085,0,Turbocharged,Semi-Automatic,8,All Wheel Drive,Gasoline (Premium Unleaded Recommended),1,Standard SUV 4WD,0,1,1,1,4,4,416,0,0,AUDI | Q7,1,1,1,1
Volkswagen Group of,Audi,Q7 quattro,3.0,6,19,24,21,26.9993,20.6359,0,Turbocharged,Semi-Automatic,8,All Wheel Drive,Gasoline (Premium Unleaded Recommended),1,Standard SUV 4WD,0,1,1,1,4,4,431,0,1,AUDI | Q7,1,1,1,1
Volkswagen Group of,Audi,Q8 quattro,3.0,6,17,23,19,25.2121,19.377,0,Turbocharged,Semi-Automatic,8,All Wheel Drive,Gasoline (Premium Unleaded Recommended),1,Standard SUV 4WD,0,1,1,1,4,4,459,0,1,AUDI | Q8,1,1,1,1
Volkswagen Group of,Audi,SQ7,4.0,8,15,21,17,21.7085,16.8761,0,Turbocharged,Semi-Automatic,8,4-Wheel Drive,Gasoline (Premium Unleaded Recommended),1,Standard SUV 4WD,1,1,0,1,3,3,525,0,0,AUDI | SQ7,1,1,1,1
Volkswagen Group of,Audi,SQ8,4.0,8,15,21,17,22.0192,17.0936,0,Turbocharged,Semi-Automatic,8,All Wheel Drive,Gasoline (Premium Unleaded Recommended),1,Standard SUV 4WD,1,1,0,1,3,3,518,0,0,AUDI | SQ8,1,1,1,1
Volkswagen Group of,Bentley,Bentayga,4.0,8,14,21,16,20.8865,16.1424,0,Turbocharged,Semi-Automatic,8,All Wheel Drive,Gasoline (Premium Unleaded Recommended),1,Standard SUV 4WD,1,1,0,1,3,3,553,0,0,BENTLEY | BENTAYGA,1,1,1,1
Volkswagen Group of,Bentley,Bentayga EWB,4.0,8,14,21,16,20.8865,16.1424,0,Turbocharged,Semi-Automatic,8,All Wheel Drive,Gasoline (Premium Unleaded Recommended),1,Standard SUV 4WD,1,1,0,1,3,3,553,0,0,BENTLEY | BENTAYGA EWB,1,1,1,1
BMW,BMW,ALPINA XB7,4.4,8,16,20,17,22.3627,17.3243,0,Turbocharged,Semi-Automatic,8,All Wheel Drive,Gasoline (Premium Unleaded Recommended),1,Standard SUV 4WD,0,1,1,1,3,3,506,0,1,BMW | ALPINA XB7,1,1,1,1
BMW,BMW,X5 M Competition,4.4,8,13,18,15,18.9502,14.8539,0,Turbocharged,Semi-Automatic,8,All Wheel Drive,Gasoline (Premium Unleaded Required),1,Standard SUV 4WD,0,1,1,1,2,2,589,0,1,BMW | X5 M COMPETITION,1,1,1,1
BMW,BMW,X5 M60i xDrive,4.4,8,17,22,19,24.8722,19.1323,0,Turbocharged,Semi-Automatic,8,All Wheel Drive,Gasoline (Premium Unleaded Recommended),1,Standard SUV 4WD,0,1,1,1,4,4,458,0,1,BMW | X5 M60I,1,1,1,1
BMW,BMW,X5 xDrive40i,3.0,6,23,27,25,33.2756,24.9225,0,Turbocharged,Semi-Automatic,8,All Wheel Drive,Gasoline (Premium Unleaded Recommended),1,Standard SUV 4WD,0,1,1,1,5,5,352,0,1,BMW | X5 XDRIVE40I,1,1,1,1
BMW,BMW,X6 M Competition,4.4,8,13,18,15,18.9502,14.8539,0,Turbocharged,Semi-Automatic,8,All Wheel Drive,Gasoline (Premium Unleaded Required),1,Standard SUV 4WD,0,1,1,1,2,2,589,0,1,BMW | X6 M COMPETITION,1,1,1,1
BMW,BMW,X6 M60i xDrive,4.4,8,17,22,19,24.8722,19.1323,0,Turbocharged,Semi-Automatic,8,All Wheel Drive,Gasoline (Premium Unleaded Recommended),1,Standard SUV 4WD,0,1,1,1,4,4,458,0,1,BMW | X6 M60I,1,1,1,1
BMW,BMW,X6 xDrive40i,3.0,6,23,26,24,32.4826,24.3798,0,Turbocharged,Semi-Automatic,8,All Wheel Drive,Gasoline (Premium Unleaded Recommended),1,Standard SUV 4WD,0,1,1,1,5,5,359,0,1,BMW | X6 XDRIVE40I,1,1,1,1
BMW,BMW,X7 M60i xDrive,4.4,8,16,21,18,23.6883,18.276,0,Turbocharged,Semi-Automatic,8,All Wheel Drive,Gasoline (Premium Unleaded Recommended),1,Standard SUV 4WD,0,1,1,1,4,4,481,0,1,BMW | X7 M60I,1,1,1,1
BMW,BMW,X7 xDrive40i,3.0,6,21,25,22,29.5103,22.3507,0,Turbocharged,Semi-Automatic,8,All Wheel Drive,Gasoline (Premium Unleaded Recommended),1,Standard SUV 4WD,0,1,1,1,5,5,392,0,1,BMW | X7 XDRIVE40I,1,1,1,1
General Motors,Buick,ENCLAVE AWD,3.6,6,17,25,20,25.655,19.7401,0,Naturally Aspirated,Automatic,9,All Wheel Drive,Gasoline (Regular Unleaded Recommended),1,Standard SUV 4WD,0,1,0,1,4,4,450,0,0,BUICK | ENCLAVE,1,1,1,1
General Motors,Cadillac,ESCALADE 4WD,3.0,6,20,26,22,30.1508,22.0,0,Turbocharged,Automatic,10,4-Wheel Drive,"Diesel, ultra low sulfur (15 ppm, maximum)",1,Standard SUV 4WD,0,0,0,1,5,4,462,0,0,CADILLAC | ESCALADE,1,1,0,1
General Motors,Cadillac,ESCALADE 4WD,6.2,8,14,18,16,20.7746,15.7337,0,Naturally Aspirated,Automatic,10,4-Wheel Drive,Gasoline (Premium Unleaded Required),1,Standard SUV 4WD,1,1,0,1,3,3,564,0,0,CADILLAC | ESCALADE,1,1,1,1
General Motors,Cadillac,ESCALADE V AWD,6.2,8,11,16,13,17.1134,13.2663,0,Supercharged,Semi-Automatic,10,4-Wheel Drive,Gasoline (Premium Unleaded Required),1,Standard SUV 4WD,0,1,0,0,1,1,682,0,0,CADILLAC | ESCALADE V,1,1,1,1
General Motors,Chevrolet,SUBURBAN 4WD,3.0,6,20,26,22,30.1508,22.0,0,Turbocharged,Automatic,10,4-Wheel Drive,"Diesel, ultra low sulfur (15 ppm, maximum)",1,Standard SUV 4WD,0,0,0,1,5,4,462,0,0,CHEVROLET | SUBURBAN,1,1,0,1
General Motors,Chevrolet,SUBURBAN 4WD,5.3,8,15,18,16,21.9492,15.8437,0,Naturally Aspirated,Automatic,10,4-Wheel Drive,Gasoline (Regular Unleaded Recommended),1,Standard SUV 4WD,1,1,0,1,3,3,557,0,0,CHEVROLET | SUBURBAN,1,1,1,1
General Motors,Chevrolet,SUBURBAN 4WD,6.2,8,14,18,16,20.7746,15.7337,0,Naturally Aspirated,Automatic,10,4-Wheel Drive,Gasoline (Premium Unleaded Required),1,Standard SUV 4WD,1,1,0,1,3,3,564,0,0,CHEVROLET | SUBURBAN,1,1,1,1
General Motors,Chevrolet,TAHOE 4WD,3.0,6,20,26,22,30.1508,22.0,0,Turbocharged,Automatic,10,4-Wheel Drive,"Diesel, ultra low sulfur (15 ppm, maximum)",1,Standard SUV 4WD,0,0,0,1,5,4,462,0,0,CHEVROLET | TAHOE,1,1,0,1
General Motors,Chevrolet,TAHOE 4WD,5.3,8,15,20,17,22.9604,16.8373,0,Naturally Aspirated,Automatic,10,4-Wheel Drive,Gasoline (Regular Unleaded Recommended),1,Standard SUV 4WD,1,1,0,1,3,3,527,0,0,CHEVROLET | TAHOE,1,1,1,1
General Motors,Chevrolet,TAHOE 4WD,5.3,8,14,18,16,21.4877,15.7029,0,Naturally Aspirated,Automatic,10,4-Wheel Drive,Gasoline (Regular Unleaded Recommended),1,Standard SUV 4WD,1,1,0,0,3,3,566,0,0,CHEVROLET | TAHOE,1,1,1,1
General Motors,Chevrolet,TAHOE 4WD,6.2,8,14,18,16,20.7746,15.7337,0,Naturally Aspirated,Automatic,10,4-Wheel Drive,Gasoline (Premium Unleaded Required),1,Standard SUV 4WD,1,1,0,1,3,3,564,0,0,CHEVROLET | TAHOE,1,1,1,1
General Motors,Chevrolet,TRAVERSE LIMITED AWD,3.6,6,17,25,20,25.6715,19.7519,0,Naturally Aspirated,Automatic,9,All Wheel Drive,Gasoline (Regular Unleaded Recommended),1,Standard SUV 4WD,0,1,0,1,4,4,450,0,0,CHEVROLET | TRAVERSE LIMITED,1,1,1,1
FCA US LLC,Dodge,Durango AWD,3.6,6,18,25,21,27.612,21.0931,0,Naturally Aspirated,Automatic,8,All Wheel Drive,Gasoline (Regular Unleaded Recommended),1,Standard SUV 4WD,0,1,0,1,4,4,430,0,0,DODGE | DURANGO,1,1,1,1
FCA US LLC,Dodge,Durango AWD,5.7,8,14,22,17,21.394,16.6887,0,Naturally Aspirated,Automatic,8,All Wheel Drive,Gasoline (Mid Grade Unleaded Recommended),1,Standard SUV 4WD,1,1,0,0,3,3,533,0,0,DODGE | DURANGO,1,1,1,1
FCA US LLC,Dodge,Durango SRT AWD,6.2,8,12,17,13,17.0892,13.4852,0,Supercharged,Automatic,8,All Wheel Drive,Gasoline (Premium Unleaded Recommended),1,Standard SUV 4WD,0,1,0,0,1,1,659,0,0,DODGE | DURANGO SRT,1,1,1,1
FCA US LLC,Dodge,Durango SRT AWD,6.4,8,13,19,15,19.2787,15.1196,0,Naturally Aspirated,Automatic,8,All Wheel Drive,Gasoline (Premium Unleaded Recommended),1,Standard SUV 4WD,1,0,0,0,2,2,584,0,0,DODGE | DURANGO SRT,1,1,1,1
Ford Motor Company,Ford,BRONCO RAPTOR 4WD,3.0,6,15,16,15,20.6272,15.3561,0,Turbocharged,Semi-Automatic,10,Part-time 4-Wheel Drive,Gasoline (Regular Unleaded Recommended),1,Standard SUV 4WD,0,1,0,1,2,2,577,0,0,FORD | BRONCO RAPTOR,1,1,1,1
Ford Motor Company,Ford,EXPEDITION 4WD,3.5,6,16,22,18,23.6671,18.2967,0,Turbocharged,Semi-Automatic,10,Part-time 4-Wheel Drive,Gasoline (Regular Unleaded Recommended),1,Standard SUV 4WD,0,1,0,1,4,4,485,0,0,FORD | EXPEDITION,1,1,1,1
Ford Motor Company,Ford,EXPEDITION TIMBERLINE 4WD,3.5,6,16,19,17,23.2622,17.0,0,Turbocharged,Semi-Automatic,10,Part-time 4-Wheel Drive,Gasoline (Regular Unleaded Recommended),1,Standard SUV 4WD,0,1,0,1,3,3,523,0,0,FORD | EXPEDITION TIMBERLINE,1,1,1,1
Ford Motor Company,Ford,EXPLORER AWD,2.3,4,20,27,23,30.2824,22.953,0,Turbocharged,Automatic,10,Part-time 4-Wheel Drive,Gasoline (Regular Unleaded Recommended),1,Standard SUV 4WD,0,1,0,1,5,5,387,0,0,FORD | EXPLORER,1,1,1,1
Ford Motor Company,Ford,EXPLORER AWD,3.0,6,18,24,20,26.5211,20.3391,0,Turbocharged,Automatic,10,Part-time 4-Wheel Drive,Gasoline (Regular Unleaded Recommended),1,Standard SUV 4WD,0,1,0,1,4,4,444,0,0,FORD | EXPLORER,1,1,1,1
Ford Motor Company,Ford,EXPLORER AWD,3.0,6,18,24,20,26.2857,20.1722,0,Turbocharged,Semi-Automatic,10,Part-time 4-Wheel Drive,Gasoline (Regular Unleaded Recommended),1,Standard SUV 4WD,0,1,0,1,4,4,445,0,0,FORD | EXPLORER,1,1,1,1
Ford Motor Company,Ford,EXPLORER FFV AWD,3.3,6,17,24,20,25.9153,19.9207,0,Naturally Aspirated,Automatic,10,Part-time 4-Wheel Drive,Gasoline (Regular Unleaded Recommended),1,Standard SUV 4WD,0,1,0,0,4,4,444,0,0,FORD | EXPLORER FFV,1,1,1,1
Ford Motor Company,Ford,EXPLORER TIMBERLINE AWD,2.3,4,19,22,21,28.16,20.5207,0,Turbocharged,Semi-Automatic,10,Part-time 4-Wheel Drive,Gasoline (Regular Unleaded Recommended),1,Standard SUV 4WD,0,1,0,1,4,4,433,0,0,FORD | EXPLORER TIMBERLINE,1,1,1,1
Hyundai,GENESIS,GV80 AWD,2.5,4,20,24,22,29.3632,21.8034,0,Turbocharged,Semi-Automatic,8,All Wheel Drive,Gasoline (Premium Unleaded Recommended),1,Standard SUV 4WD,0,1,0,1,5,5,408,0,0,GENESIS | GV80,1,1,1,1
Hyundai,GENESIS,GV80 AWD,3.5,6,18,23,20,26.0971,19.9812,0,Turbocharged,Semi-Automatic,8,All Wheel Drive,Gasoline (Premium Unleaded Recommended),1,Standard SUV 4WD,0,1,0,1,4,4,448,0,0,GENESIS | GV80,1,1,1,1
General Motors,GMC,YUKON 4WD,3.0,6,20,26,22,30.1508,22.0,0,Turbocharged,Automatic,10,4-Wheel Drive,"Diesel, ultra low sulfur (15 ppm, maximum)",1,Standard SUV 4WD,0,0,0,1,5,4,462,0,0,GMC | YUKON,1,1,0,1
General Motors,GMC,YUKON 4WD,5.3,8,15,20,17,22.9604,16.8373,0,Naturally Aspirated,Automatic,10,4-Wheel Drive,Gasoline (Regular Unleaded Recommended),1,Standard SUV 4WD,1,1,0,1,3,3,527,0,0,GMC | YUKON,1,1,1,1
General Motors,GMC,YUKON 4WD,6.2,8,14,18,16,20.7746,15.7337,0,Naturally Aspirated,Automatic,10,4-Wheel Drive,Gasoline (Premium Unleaded Required),1,Standard SUV 4WD,1,1,0,1,3,3,564,0,0,GMC | YUKON,1,1,1,1
General Motors,GMC,YUKON XL 4WD,3.0,6,20,26,22,30.1508,22.0,0,Turbocharged,Automatic,10,4-Wheel Drive,"Diesel, ultra low sulfur (15 ppm, maximum)",1,Standard SUV 4WD,0,0,0,1,5,4,462,0,0,GMC | YUKON XL,1,1,0,1
General Motors,GMC,YUKON XL 4WD,5.3,8,15,18,16,21.9492,15.8437,0,Naturally Aspirated,Automatic,10,4-Wheel Drive,Gasoline (Regular Unleaded Recommended),1,Standard SUV 4WD,1,1,0,1,3,3,557,0,0,GMC | YUKON XL,1,1,1,1
General Motors,GMC,YUKON XL 4WD,6.2,8,14,18,16,20.7746,15.7337,0,Naturally Aspirated,Automatic,10,4-Wheel Drive,Gasoline (Premium Unleaded Required),1,Standard SUV 4WD,1,1,0,1,3,3,564,0,0,GMC | YUKON XL,1,1,1,1
Honda,Honda,PILOT AWD,3.5,6,19,25,21,28.0481,21.3922,0,Naturally Aspirated,Semi-Automatic,10,All Wheel Drive,Gasoline (Regular Unleaded Recommended),1,Standard SUV 4WD,1,1,0,1,4,4,415,0,0,HONDA | PILOT,1,1,1,1
Honda,Honda,Pilot AWD Touring/Elite/Black,3.5,6,19,25,21,27.4256,20.9582,0,Naturally Aspirated,Semi-Automatic,10,All Wheel Drive,Gasoline (Regular Unleaded Recommended),1,Standard SUV 4WD,1,1,0,1,4,4,422,0,0,HONDA | PILOT TOURING/ELITE/BLACK,1,1,1,1
Honda,Honda,Pilot AWD TRAILSPORT,3.5,6,18,23,20,26.0425,19.9512,0,Naturally Aspirated,Semi-Automatic,10,All Wheel Drive,Gasoline (Regular Unleaded Recommended),1,Standard SUV 4WD,1,1,0,1,4,4,442,0,0,HONDA | PILOT TRAILSPORT,1,1,1,1
Ineos Automotive Li,INEOS Automotive Limited,Grenadier Station Wagon,3.0,6,15,15,15,20.2206,14.9566,0,Turbocharged,Semi-Automatic,8,4-Wheel Drive,Gasoline (Premium Unleaded Recommended),1,Standard SUV 4WD,0,1,1,1,2,2,592,0,0,INEOS AUTOMOTIVE LIMITED | GRENADIER STATION WAGON,1,1,1,1
Ineos Automotive Li,INEOS Automotive Limited,Grenadier Trialmaster Edition,3.0,6,14,14,14,18.869,13.8863,0,Turbocharged,Semi-Automatic,8,4-Wheel Drive,Gasoline (Premium Unleaded Recommended),1,Standard SUV 4WD,0,1,1,1,2,2,633,0,0,INEOS AUTOMOTIVE LIMITED | GRENADIER TRIALMASTER EDITION,1,1,1,1
Nissan,INFINITI,QX60 AWD,3.5,6,20,25,22,29.1088,21.9347,0,Naturally Aspirated,Semi-Automatic,9,All Wheel Drive,Gasoline (Premium Unleaded Recommended),1,Standard SUV 4WD,0,1,0,1,5,5,405,0,0,INFINITI | QX60,1,1,1,1
Nissan,INFINITI,QX80 4WD,5.6,8,13,19,15,20.0568,15.0,0,Naturally Aspirated,Semi-Automatic,7,4-Wheel Drive,Gasoline (Premium Unleaded Recommended),1,Standard SUV 4WD,0,1,1,0,2,2,593,0,0,INFINITI | QX80,1,1,1,1
FCA US LLC,Jeep,Grand Cherokee 4X4,3.6,6,19,26,22,28.2353,21.5272,0,Naturally Aspirated,Automatic,8,All Wheel Drive,Gasoline (Regular Unleaded Recommended),1,Standard SUV 4WD,0,1,0,1,5,5,413,0,0,JEEP | GRAND CHEROKEE 4X4,1,1,1,1
FCA US LLC,Jeep,Grand Cherokee L 4X4,3.6,6,18,25,21,27.612,21.0931,0,Naturally Aspirated,Automatic,8,All Wheel Drive,Gasoline (Regular Unleaded Recommended),1,Standard SUV 4WD,0,1,0,1,4,4,430,0,0,JEEP | GRAND CHEROKEE L 4X4,1,1,1,1
FCA US LLC,Jeep,Grand Cherokee L 4X4,5.7,8,14,22,17,21.394,16.6887,0,Naturally Aspirated,Automatic,8,All Wheel Drive,Gasoline (Mid Grade Unleaded Recommended),1,Standard SUV 4WD,1,1,0,0,3,3,533,0,0,JEEP | GRAND CHEROKEE L 4X4,1,1,1,1
FCA US LLC,Jeep,Grand Wagoneer 4x4,3.0,6,14,20,17,21.1982,16.5018,0,Turbocharged,Automatic,8,All Wheel Drive,Gasoline (Premium Unleaded Recommended),1,Standard SUV 4WD,0,1,0,1,3,3,537,0,0,JEEP | GRAND WAGONEER 4X4,1,1,1,1
FCA US LLC,Jeep,Grand Wagoneer 4x4,6.4,8,13,18,15,18.772,14.7328,0,Naturally Aspirated,Automatic,8,All Wheel Drive,Gasoline (Premium Unleaded Recommended),1,Standard SUV 4WD,1,0,0,0,2,2,602,0,0,JEEP | GRAND WAGONEER 4X4,1,1,1,1
FCA US LLC,Jeep,Grand Wagoneer L 4x4,3.0,6,14,20,17,21.1982,16.5018,0,Turbocharged,Automatic,8,All Wheel Drive,Gasoline (Premium Unleaded Recommended),1,Standard SUV 4WD,0,1,0,1,3,3,537,0,0,JEEP | GRAND WAGONEER L 4X4,1,1,1,1
FCA US LLC,Jeep,Wagoneer 4x4,3.0,6,16,23,19,24.2914,18.7621,0,Turbocharged,Automatic,8,All Wheel Drive,Gasoline (Regular Unleaded Recommended),1,Standard SUV 4WD,0,1,0,1,4,4,472,0,0,JEEP | WAGONEER 4X4,1,1,1,1
FCA US LLC,Jeep,Wagoneer L 4x4,3.0,6,16,23,19,24.1401,18.6327,0,Turbocharged,Automatic,8,All Wheel Drive,Gasoline (Regular Unleaded Recommended),1,Standard SUV 4WD,0,1,0,1,4,4,476,0,0,JEEP | WAGONEER L 4X4,1,1,1,1
Volkswagen Group of,Lamborghini,Urus S,4.0,8,14,19,16,20.4428,15.9335,0,Turbocharged,Semi-Automatic,8,All Wheel Drive,Gasoline (Premium Unleaded Recommended),1,Standard SUV 4WD,1,1,0,1,3,3,554,0,0,LAMBORGHINI | URUS S,1,1,1,1
Jaguar Land Rover L,Land Rover,Defender 110,2.0,4,18,20,19,25.4823,18.713,0,Turbocharged,Semi-Automatic,8,4-Wheel Drive,Gasoline (Premium Unleaded Recommended),1,Standard SUV 4WD,0,1,1,1,4,4,474,0,0,LAND ROVER | DEFENDER 110,1,1,1,1
Jaguar Land Rover L,Land Rover,Defender 110,5.0,8,14,19,16,20.4861,15.9505,0,Supercharged,Semi-Automatic,8,4-Wheel Drive,Gasoline (Premium Unleaded Recommended),1,Standard SUV 4WD,0,1,0,1,3,3,563,0,0,LAND ROVER | DEFENDER 110,1,1,1,1
Jaguar Land Rover L,Land Rover,Defender 110 MHEV,3.0,6,17,20,18,25.7399,18.4032,0,Turbocharged+Supercharged,Semi-Automatic,8,4-Wheel Drive,Gasoline (Premium Unleaded Recommended),1,Standard SUV 4WD,0,1,0,1,4,4,484,0,1,LAND ROVER | DEFENDER 110 MHEV,1,1,1,1
Jaguar Land Rover L,Land Rover,Defender 130 Outbound,3.0,6,16,18,17,23.601,16.8333,0,Turbocharged+Supercharged,Semi-Automatic,8,4-Wheel Drive,Gasoline (Premium Unleaded Required),1,Standard SUV 4WD,0,1,0,1,3,3,529,0,1,LAND ROVER | DEFENDER 130 OUTBOUND,1,1,1,1
Jaguar Land Rover L,Land Rover,Defender 130 P300 MHEV,3.0,6,17,20,18,25.657,18.1705,0,Turbocharged+Supercharged,Semi-Automatic,8,4-Wheel Drive,Gasoline (Premium Unleaded Recommended),1,Standard SUV 4WD,0,1,0,1,4,4,489,0,1,LAND ROVER | DEFENDER 130 P300 MHEV,1,1,1,1
Jaguar Land Rover L,Land Rover,Defender 130 P400 MHEV,3.0,6,17,20,18,25.6248,18.1125,0,Turbocharged+Supercharged,Semi-Automatic,8,4-Wheel Drive,Gasoline (Premium Unleaded Recommended),1,Standard SUV 4WD,0,1,0,1,4,4,491,0,1,LAND ROVER | DEFENDER 130 P400 MHEV,1,1,1,1
Jaguar Land Rover L,Land Rover,Defender 90,2.0,4,18,21,19,25.9002,19.0741,0,Turbocharged,Semi-Automatic,8,4-Wheel Drive,Gasoline (Premium Unleaded Recommended),1,Standard SUV 4WD,0,1,1,1,4,4,465,0,0,LAND ROVER | DEFENDER 90,1,1,1,1
Jaguar Land Rover L,Land Rover,Defender 90,5.0,8,15,19,16,21.216,16.4511,0,Supercharged,Semi-Automatic,8,4-Wheel Drive,Gasoline (Premium Unleaded Recommended),1,Standard SUV 4WD,0,1,0,1,3,3,545,0,0,LAND ROVER | DEFENDER 90,1,1,1,1
Jaguar Land Rover L,Land Rover,Defender 90 MHEV,3.0,6,18,22,20,26.438,19.6797,0,Turbocharged+Supercharged,Semi-Automatic,8,4-Wheel Drive,Gasoline (Premium Unleaded Recommended),1,Standard SUV 4WD,0,1,0,1,4,4,453,0,1,LAND ROVER | DEFENDER 90 MHEV,1,1,1,1
Jaguar Land Rover L,Land Rover,Discovery,2.0,4,19,24,21,28.3183,21.1498,0,Turbocharged,Semi-Automatic,8,4-Wheel Drive,Gasoline (Premium Unleaded Recommended),1,Standard SUV 4WD,0,1,1,1,4,4,421,0,0,LAND ROVER | DISCOVERY,1,1,1,1
Jaguar Land Rover L,Land Rover,Discovery MHEV,3.0,6,17,23,19,26.9213,19.3909,0,Turbocharged+Supercharged,Semi-Automatic,8,4-Wheel Drive,Gasoline (Premium Unleaded Recommended),1,Standard SUV 4WD,0,1,0,1,4,4,457,0,1,LAND ROVER | DISCOVERY MHEV,1,1,1,1
Jaguar Land Rover L,Land Rover,Range Rover LWB MHEV,4.4,8,16,22,18,22.996,17.7914,0,Turbocharged,Semi-Automatic,8,4-Wheel Drive,Gasoline (Premium Unleaded Recommended),1,Standard SUV 4WD,0,1,0,1,4,4,501,0,1,LAND ROVER | RANGE ROVER LWB MHEV,1,1,1,1
Jaguar Land Rover L,Land Rover,Range Rover MHEV,4.4,8,16,23,19,24.2312,18.7196,0,Turbocharged,Semi-Automatic,8,4-Wheel Drive,Gasoline (Premium Unleaded Recommended),1,Standard SUV 4WD,0,1,0,1,4,4,477,0,1,LAND ROVER | RANGE ROVER MHEV,1,1,1,1
Jaguar Land Rover L,Land Rover,Range Rover P360 LWB MHEV,3.0,6,17,24,20,27.5684,19.9622,0,Turbocharged+Supercharged,Semi-Automatic,8,4-Wheel Drive,Gasoline (Premium Unleaded Recommended),1,Standard SUV 4WD,0,1,0,1,4,4,445,0,1,LAND ROVER | RANGE ROVER P360 LWB MHEV,1,1,1,1
Jaguar Land Rover L,Land Rover,Range Rover P360 MHEV,3.0,6,17,24,20,27.5684,19.9622,0,Turbocharged+Supercharged,Semi-Automatic,8,4-Wheel Drive,Gasoline (Premium Unleaded Recommended),1,Standard SUV 4WD,0,1,0,1,4,4,445,0,1,LAND ROVER | RANGE ROVER P360 MHEV,1,1,1,1
Jaguar Land Rover L,Land Rover,Range Rover P400 LWB MHEV,3.0,6,18,24,20,28.0324,20.0292,0,Turbocharged+Supercharged,Semi-Automatic,8,4-Wheel Drive,Gasoline (Premium Unleaded Recommended),1,Standard SUV 4WD,0,1,0,1,4,4,445,0,1,LAND ROVER | RANGE ROVER P400 LWB MHEV,1,1,1,1
Jaguar Land Rover L,Land Rover,Range Rover P400 MHEV,3.0,6,18,24,20,28.0324,20.0292,0,Turbocharged+Supercharged,Semi-Automatic,8,4-Wheel Drive,Gasoline (Premium Unleaded Recommended),1,Standard SUV 4WD,0,1,0,1,4,4,445,0,1,LAND ROVER | RANGE ROVER P400 MHEV,1,1,1,1
Jaguar Land Rover L,Land Rover,Range Rover Sport MHEV,4.4,8,16,23,19,24.2312,18.7196,0,Turbocharged,Semi-Automatic,8,4-Wheel Drive,Gasoline (Premium Unleaded Recommended),1,Standard SUV 4WD,0,1,0,1,4,4,477,0,1,LAND ROVER | RANGE ROVER SPORT MHEV,1,1,1,1
Jaguar Land Rover L,Land Rover,Range Rover Sport P360 MHEV,3.0,6,18,24,21,28.3942,20.5402,0,Turbocharged+Supercharged,Semi-Automatic,8,4-Wheel Drive,Gasoline (Premium Unleaded Recommended),1,Standard SUV 4WD,0,1,0,1,4,4,434,0,1,LAND ROVER | RANGE ROVER SPORT P360 MHEV,1,1,1,1
Jaguar Land Rover L,Land Rover,Range Rover Sport P400 MHEV,3.0,6,19,25,21,29.2975,21.138,0,Turbocharged+Supercharged,Semi-Automatic,8,4-Wheel Drive,Gasoline (Premium Unleaded Recommended),1,Standard SUV 4WD,0,1,0,1,4,4,421,0,1,LAND ROVER | RANGE ROVER SPORT P400 MHEV,1,1,1,1
Jaguar Land Rover L,Land Rover,Range Rover Sport SVR MHEV,4.4,8,16,22,18,23.1948,17.9547,0,Turbocharged,Semi-Automatic,8,4-Wheel Drive,Gasoline (Premium Unleaded Recommended),1,Standard SUV 4WD,0,1,0,1,4,4,497,0,1,LAND ROVER | RANGE ROVER SPORT SVR MHEV,1,1,1,1
Jaguar Land Rover L,Land Rover,Range Rover SV LWB MHEV,4.4,8,16,22,18,22.996,17.7914,0,Turbocharged,Semi-Automatic,8,4-Wheel Drive,Gasoline (Premium Unleaded Recommended),1,Standard SUV 4WD,0,1,0,1,4,4,501,0,1,LAND ROVER | RANGE ROVER SV LWB MHEV,1,1,1,1
Jaguar Land Rover L,Land Rover,Range Rover SV MHEV,4.4,8,16,22,18,22.996,17.7914,0,Turbocharged,Semi-Automatic,8,4-Wheel Drive,Gasoline (Premium Unleaded Recommended),1,Standard SUV 4WD,0,1,0,1,4,4,501,0,1,LAND ROVER | RANGE ROVER SV MHEV,1,1,1,1
Toyota,LEXUS,GX 550,3.4,6,15,21,17,22.5415,17.4755,0,Turbocharged,Semi-Automatic,10,4-Wheel Drive,Gasoline (Premium Unleaded Required),1,Standard SUV 4WD,0,1,0,0,3,3,504,0,0,LEXUS | GX 550,1,1,1,1
Toyota,LEXUS,LX 600,3.4,6,17,22,19,24.0333,18.5321,0,Turbocharged,Semi-Automatic,10,All Wheel Drive,Gasoline (Premium Unleaded Required),1,Standard SUV 4WD,0,1,0,1,4,4,479,0,0,LEXUS | LX 600,1,1,1,1
Toyota,LEXUS,TX 350 AWD,2.4,4,20,26,23,29.9963,22.7395,0,Turbocharged,Semi-Automatic,8,All Wheel Drive,Gasoline (Premium Unleaded Required),1,Standard SUV 4WD,0,1,0,1,5,5,387,0,0,LEXUS | TX 350,1,1,1,1
Toyota,LEXUS,TX 500h AWD,2.4,4,27,28,27,36.9916,27.3415,0,Turbocharged,Semi-Automatic,6,All Wheel Drive,Gasoline (Premium Unleaded Required),1,Standard SUV 4WD,0,1,0,1,5,5,322,1,0,LEXUS | TX 500H,1,1,1,1
Ford Motor Company,Lincoln,AVIATOR AWD,3.0,6,17,24,20,25.7342,19.7884,0,Turbocharged,Semi-Automatic,10,Part-time 4-Wheel Drive,Gasoline (Regular Unleaded Recommended),1,Standard SUV 4WD,0,1,0,1,4,4,451,0,0,LINCOLN | AVIATOR,1,1,1,1
Ford Motor Company,Lincoln,NAVIGATOR 4WD,3.5,6,16,22,18,23.0158,17.8317,0,Turbocharged,Semi-Automatic,10,Part-time 4-Wheel Drive,Gasoline (Regular Unleaded Recommended),1,Standard SUV 4WD,0,1,0,1,4,4,498,0,0,LINCOLN | NAVIGATOR,1,1,1,1
Maserati,MASERATI,Levante GT,3.0,6,16,22,18,22.9927,17.8087,0,Turbocharged,Automatic,8,All Wheel Drive,Gasoline (Premium Unleaded Required),1,Standard SUV 4WD,0,1,0,1,4,4,495,0,0,MASERATI | LEVANTE GT,1,1,1,1
Maserati,MASERATI,Levante Modena,3.0,6,16,22,18,22.9927,17.8087,0,Turbocharged,Automatic,8,All Wheel Drive,Gasoline (Premium Unleaded Required),1,Standard SUV 4WD,0,1,0,1,4,4,495,0,0,MASERATI | LEVANTE MODENA,1,1,1,1
Maserati,MASERATI,Levante Modena V8,3.8,8,13,20,16,19.895,15.683,0,Turbocharged,Automatic,8,All Wheel Drive,Gasoline (Premium Unleaded Required),1,Standard SUV 4WD,0,1,0,1,3,3,562,0,0,MASERATI | LEVANTE MODENA V8,1,1,1,1
Maserati,MASERATI,Levante Trofeo,3.8,8,13,20,16,19.895,15.683,0,Turbocharged,Automatic,8,All Wheel Drive,Gasoline (Premium Unleaded Required),1,Standard SUV 4WD,0,1,0,1,3,3,562,0,0,MASERATI | LEVANTE TROFEO,1,1,1,1
MAZDA,MAZDA,MAZDA CX-90 4WD,3.3,6,24,28,25,34.1357,25.0,0,Turbocharged,Semi-Automatic,8,4-Wheel Drive,Gasoline (Regular Unleaded Recommended),1,Standard SUV 4WD,0,1,0,0,5,5,354,0,1,MAZDA | MAZDA CX-90,1,1,1,1
MAZDA,MAZDA,MAZDA CX-90 4WD,3.3,6,23,28,25,33.0819,24.8233,0,Turbocharged,Semi-Automatic,8,4-Wheel Drive,Gasoline (Premium Unleaded Recommended),1,Standard SUV 4WD,0,1,0,0,5,5,358,0,1,MAZDA | MAZDA CX-90,1,1,1,1
Mercedes-Benz,Mercedes-Benz,AMG G 63,4.0,8,13,16,14,18.2153,14.2529,0,Turbocharged,Automatic,9,4-Wheel Drive,Gasoline (Premium Unleaded Required),1,Standard SUV 4WD,1,1,0,1,2,2,621,0,0,MERCEDES-BENZ | AMG G 63,1,1,1,1
Mercedes-Benz,Mercedes-Benz,AMG G 63 4x4 Squared,4.0,8,10,12,11,13.687,10.8512,0,Turbocharged,Automatic,9,4-Wheel Drive,Gasoline (Premium Unleaded Required),1,Standard SUV 4WD,0,1,0,0,1,1,817,0,0,MERCEDES-BENZ | AMG G 63 4X4 SQUARED,1,1,1,1
Mercedes-Benz,Mercedes-Benz,AMG GLE 53 4MATIC+,3.0,6,18,23,20,26.3209,20.1453,0,Turbocharged+Supercharged,Automatic,9,All Wheel Drive,Gasoline (Premium Unleaded Required),1,Standard SUV 4WD,0,1,1,1,4,4,439,0,1,MERCEDES-BENZ | AMG GLE 53 +,1,1,1,1
Mercedes-Benz,Mercedes-Benz,AMG GLE 53 4MATIC+ (coupe),3.0,6,18,22,20,25.4313,19.5034,0,Turbocharged+Supercharged,Automatic,9,All Wheel Drive,Gasoline (Premium Unleaded Required),1,Standard SUV 4WD,0,1,1,1,4,4,454,0,1,MERCEDES-BENZ | AMG GLE 53 + (COUPE),1,1,1,1
Mercedes-Benz,Mercedes-Benz,AMG GLE 63 S 4MATIC+,4.0,8,15,19,16,21.0928,16.4066,0,Turbocharged,Automatic,9,All Wheel Drive,Gasoline (Premium Unleaded Required),1,Standard SUV 4WD,1,1,0,1,3,3,539,0,1,MERCEDES-BENZ | AMG GLE 63 S +,1,1,1,1
Mercedes-Benz,Mercedes-Benz,AMG GLE 63 S 4MATIC+ (coupe),4.0,8,15,19,16,21.0928,16.4066,0,Turbocharged,Automatic,9,All Wheel Drive,Gasoline (Premium Unleaded Required),1,Standard SUV 4WD,1,1,0,1,3,3,539,0,1,MERCEDES-BENZ | AMG GLE 63 S + (COUPE),1,1,1,1
Mercedes-Benz,Mercedes-Benz,AMG GLS 63 4MATIC+,4.0,8,14,18,16,20.2447,15.7777,0,Turbocharged,Automatic,9,All Wheel Drive,Gasoline (Premium Unleaded Required),1,Standard SUV 4WD,1,1,0,1,3,3,564,0,1,MERCEDES-BENZ | AMG GLS 63 +,1,1,1,1
Mercedes-Benz,Mercedes-Benz,G 550,4.0,8,13,16,14,18.4024,14.4011,0,Turbocharged,Automatic,9,4-Wheel Drive,Gasoline (Premium Unleaded Required),1,Standard SUV 4WD,1,1,0,1,2,2,617,0,0,MERCEDES-BENZ | G 550,1,1,1,1
Mercedes-Benz,Mercedes-Benz,GLE 450 4MATIC,3.0,6,19,26,22,28.5944,21.7734,0,Turbocharged,Automatic,9,All Wheel Drive,Gasoline (Premium Unleaded Required),1,Standard SUV 4WD,0,1,1,1,5,5,406,0,1,MERCEDES-BENZ | GLE 450,1,1,1,1
Mercedes-Benz,Mercedes-Benz,GLE 580 4MATIC,4.0,8,15,20,17,21.4174,16.6546,0,Turbocharged,Automatic,9,All Wheel Drive,Gasoline (Premium Unleaded Required),1,Standard SUV 4WD,1,1,0,1,3,3,534,0,1,MERCEDES-BENZ | GLE 580,1,1,1,1
Mercedes-Benz,Mercedes-Benz,GLS 450 4MATIC,3.0,6,19,24,21,27.2579,20.8315,0,Turbocharged,Automatic,9,All Wheel Drive,Gasoline (Premium Unleaded Required),1,Standard SUV 4WD,0,1,1,1,4,4,428,0,1,MERCEDES-BENZ | GLS 450,1,1,1,1
Mercedes-Benz,Mercedes-Benz,GLS 580 4MATIC,4.0,8,14,20,16,20.6097,16.0776,0,Turbocharged,Automatic,9,All Wheel Drive,Gasoline (Premium Unleaded Required),1,Standard SUV 4WD,1,1,0,1,3,3,554,0,1,MERCEDES-BENZ | GLS 580,1,1,1,1
Mercedes-Benz,Mercedes-Benz,GLS 600 4MATIC Maybach,4.0,8,14,19,16,19.8515,15.5178,0,Turbocharged,Automatic,9,All Wheel Drive,Gasoline (Premium Unleaded Required),1,Standard SUV 4WD,1,1,0,1,3,3,574,0,1,MERCEDES-BENZ | GLS 600 MAYBACH,1,1,1,1
Nissan,NISSAN,ARMADA 4WD,5.6,8,13,18,15,20.1201,15.0,0,Naturally Aspirated,Semi-Automatic,7,4-Wheel Drive,Gasoline (Premium Unleaded Recommended),1,Standard SUV 4WD,0,1,1,0,2,2,594,0,0,NISSAN | ARMADA,1,1,1,1
Nissan,NISSAN,PATHFINDER 4WD PLATINUM,3.5,6,20,25,22,30.0963,22.1185,0,Naturally Aspirated,Semi-Automatic,9,4-Wheel Drive,Gasoline (Regular Unleaded Recommended),1,Standard SUV 4WD,0,1,0,1,5,5,400,0,0,NISSAN | PATHFINDER PLATINUM,1,1,1,1
Porsche,Porsche,Cayenne,3.0,6,17,23,19,25.8882,19.0,0,Turbocharged,Semi-Automatic,8,All Wheel Drive,Gasoline (Premium Unleaded Required),1,Standard SUV 4WD,0,1,1,1,4,4,469,0,0,PORSCHE | CAYENNE,1,1,1,1
Porsche,Porsche,Cayenne Coupe,3.0,6,17,23,19,26.3934,19.0,0,Turbocharged,Semi-Automatic,8,All Wheel Drive,Gasoline (Premium Unleaded Required),1,Standard SUV 4WD,0,1,1,1,4,4,469,0,0,PORSCHE | CAYENNE COUPE,1,1,1,1
Porsche,Porsche,Cayenne S,4.0,8,15,21,17,22.8316,17.0,0,Turbocharged,Semi-Automatic,8,All Wheel Drive,Gasoline (Premium Unleaded Required),1,Standard SUV 4WD,1,1,1,1,3,3,521,0,0,PORSCHE | CAYENNE S,1,1,1,1
Porsche,Porsche,Cayenne S Coupe,4.0,8,15,21,17,22.8058,17.0,0,Turbocharged,Semi-Automatic,8,All Wheel Drive,Gasoline (Premium Unleaded Required),1,Standard SUV 4WD,1,1,1,1,3,3,521,0,0,PORSCHE | CAYENNE S COUPE,1,1,1,1
Subaru,Subaru,ASCENT AWD,2.4,4,20,26,22,29.1468,22.1464,0,Turbocharged,Selectable Continuously Variable (e.g. CVT with paddles),8,All Wheel Drive,Gasoline (Regular Unleaded Recommended),1,Standard SUV 4WD,0,1,0,0,5,5,398,0,0,SUBARU | ASCENT,1,1,1,1
Subaru,Subaru,ASCENT LIMITED/TOURING/ONYX EDITION AWD,2.4,4,19,25,21,27.7003,21.1419,0,Turbocharged,Selectable Continuously Variable (e.g. CVT with paddles),8,All Wheel Drive,Gasoline (Regular Unleaded Recommended),1,Standard SUV 4WD,0,1,0,0,4,4,419,0,0,SUBARU | ASCENT LIMITED/TOURING/ONYX EDITION,1,1,1,1
Toyota,TOYOTA,4RUNNER 4WD,4.0,6,16,19,17,22.5699,16.9829,0,Naturally Aspirated,Semi-Automatic,5,All Wheel Drive,Gasoline (Regular Unleaded Recommended),1,Standard SUV 4WD,0,1,0,0,3,3,519,0,0,TOYOTA | 4RUNNER,1,1,1,1
Toyota,TOYOTA,4RUNNER 4WD,4.0,6,16,19,17,22.7479,17.1221,0,Naturally Aspirated,Semi-Automatic,5,Part-time 4-Wheel Drive,Gasoline (Regular Unleaded Recommended),1,Standard SUV 4WD,0,1,0,0,3,3,514,0,0,TOYOTA | 4RUNNER,1,1,1,1
Toyota,TOYOTA,GRAND HIGHLANDER AWD LE/XLE,2.4,4,21,27,23,30.9553,23.4053,0,Turbocharged,Semi-Automatic,8,All Wheel Drive,Gasoline (Regular Unleaded Recommended),1,Standard SUV 4WD,0,1,0,1,5,5,379,0,0,TOYOTA | GRAND HIGHLANDER LE/XLE,1,1,1,1
Toyota,TOYOTA,GRAND HIGHLANDER AWD LIMITED/PLATINUM,2.4,4,20,26,22,29.7362,22.0,0,Turbocharged,Semi-Automatic,8,All Wheel Drive,Gasoline (Regular Unleaded Recommended),1,Standard SUV 4WD,0,1,0,1,5,5,400,0,0,TOYOTA | GRAND HIGHLANDER LIMITED/PLATINUM,1,1,1,1
Toyota,TOYOTA,GRAND HIGHLANDER HYBRID AWD,2.4,4,26,27,27,36.027,26.7025,0,Turbocharged,Semi-Automatic,6,All Wheel Drive,Gasoline (Regular Unleaded Recommended),1,Standard SUV 4WD,0,1,0,1,5,5,332,1,0,TOYOTA | GRAND HIGHLANDER HYBRID,1,1,1,1
Toyota,TOYOTA,GRAND HIGHLANDER HYBRID AWD,2.5,4,36,32,34,47.7181,33.8721,0,Naturally Aspirated,Selectable Continuously Variable (e.g. CVT with paddles),6,All Wheel Drive,Gasoline (Regular Unleaded Recommended),1,Standard SUV 4WD,0,1,0,1,7,7,259,1,0,TOYOTA | GRAND HIGHLANDER HYBRID,1,1,1,1
Toyota,TOYOTA,HIGHLANDER HYBRID AWD,2.5,4,35,35,35,47.0524,34.9824,0,Naturally Aspirated,Selectable Continuously Variable (e.g. CVT with paddles),6,All Wheel Drive,Gasoline (Regular Unleaded Recommended),1,Standard SUV 4WD,0,1,0,1,7,7,254,1,0,TOYOTA | HIGHLANDER HYBRID,1,1,1,1
Toyota,TOYOTA,HIGHLANDER HYBRID AWD LTD/PLAT,2.5,4,35,34,35,47.6525,35.0276,0,Naturally Aspirated,Selectable Continuously Variable (e.g. CVT with paddles),6,All Wheel Drive,Gasoline (Regular Unleaded Recommended),1,Standard SUV 4WD,0,1,0,1,7,7,253,1,0,TOYOTA | HIGHLANDER HYBRID LTD/PLAT,1,1,1,1
Toyota,TOYOTA,LAND CRUISER,2.4,4,22,25,23,30.7256,23.162,0,Turbocharged,Semi-Automatic,8,4-Wheel Drive,Gasoline (Premium Unleaded Required),1,Standard SUV 4WD,0,1,0,1,5,5,380,1,0,TOYOTA | LAND CRUISER,1,1,1,1
Toyota,TOYOTA,SEQUOIA 4WD,3.4,6,19,22,20,26.4074,20.1784,0,Turbocharged,Semi-Automatic,10,Part-time 4-Wheel Drive,Gasoline (Regular Unleaded Recommended),1,Standard SUV 4WD,0,1,0,1,4,4,439,1,0,TOYOTA | SEQUOIA,1,1,1,1
Volvo,"Volvo Cars of North America, LLC",XC90 B5 AWD,2.0,4,22,27,24,31.8594,24.0075,0,Turbocharged,Semi-Automatic,8,All Wheel Drive,Gasoline (Premium Unleaded Required),1,Standard SUV 4WD,0,1,0,1,5,5,369,0,1,"VOLVO CARS OF NORTH AMERICA, LLC | XC90 B5",1,1,1,1
Volvo,"Volvo Cars of North America, LLC",XC90 B6 AWD,2.0,4,20,26,23,29.8831,22.6496,0,Turbocharged+Supercharged,Semi-Automatic,8,All Wheel Drive,Gasoline (Premium Unleaded Required),1,Standard SUV 4WD,0,1,0,1,5,5,393,0,1,"VOLVO CARS OF NORTH AMERICA, LLC | XC90 B6",1,1,1,1
